TAGID,Date,Area,H2,O2,N2,C2H2,C2H4,C2H6,CH4,CO
700TR001B,23/12/2022,GSP1,-,-,-,-,-,-,-,-
700TR001B,22/12/2022,GSP1,6,8148,26110,0,0,0,4,240
700TR001B,21/12/2022,GSP1,-,-,-,-,-,-,-,-
700TR001B,24/12/2021,GSP1,-,-,-,-,-,-,-,-
700TR001B,25/11/2021,GSP1,-,-,-,-,-,-,-,-
700TR001B,24/11/2021,GSP1,-,-,-,-,-,-,-,-
700TR001B,23/11/2021,GSP1,-,-,-,-,-,-,-,-
700TR001B,22/11/2021,GSP1,-,-,-,-,-,-,-,-
700TR001B,21/11/2021,GSP1,4,26274,64953,0,34,0,4,191
700TR001B,20/11/2021,GSP1,-,-,-,-,-,-,-,-
700TR001B,15/7/2021,GSP1,-,-,-,-,-,-,-,-
700TR001B,23/11/2020,GSP1,3,10314,24471,0,14,0,1,55
700TR001B,22/11/2020,GSP1,-,-,-,-,-,-,-,-
700TR001B,28/11/2019,GSP1,2,8680,25046,0,32,1,2,58
700TR001B,13/11/2019,GSP1,-,-,-,-,-,-,-,-
700TR001B,11/12/2018,GSP1,0,25932,61493,0,48,0,1,198
700TR001B,25/12/2017,GSP1,-,-,-,-,-,-,-,-
700TR001B,15/12/2017,GSP1,-,-,-,-,-,-,-,-
700TR001B,14/12/2017,GSP1,0,22321,53442,0,45,0,2,233
700TR001B,14/12/2016,GSP1,-,-,-,-,-,-,-,-
700TR001B,23/11/2015,GSP1,-,-,-,-,-,-,-,-
700TR001B,29/1/2015,GSP1,-,-,-,-,-,-,-,-
700TR001B,25/11/2013,GSP1,-,-,-,-,-,-,-,-
,,,,,,,,,,
700TR001A,23/12/2022,GSP1,-,-,-,-,-,-,-,-
700TR001A,22/12/2022,GSP1,0,23884,58394,0,49,0,3,202
700TR001A,21/12/2022,GSP1,-,-,-,-,-,-,-,-
700TR001A,24/12/2021,GSP1,-,-,-,-,-,-,-,-
700TR001A,25/11/2021,GSP1,-,-,-,-,-,-,-,-
700TR001A,24/11/2021,GSP1,-,-,-,-,-,-,-,-
700TR001A,23/11/2021,GSP1,-,-,-,-,-,-,-,-
700TR001A,22/11/2021,GSP1,-,-,-,-,-,-,-,-
700TR001A,21/11/2021,GSP1,3,24951,61327,0,40,0,4,195
700TR001A,20/11/2021,GSP1,-,-,-,-,-,-,-,-
700TR001A,15/7/2021,GSP1,-,-,-,-,-,-,-,-
700TR001A,23/11/2020,GSP1,0,10089,23971,0,20,0,2,62
700TR001A,22/11/2020,GSP1,-,-,-,-,-,-,-,-
700TR001A,28/11/2019,GSP1,0,8897,25677,0,55,0,2,102
700TR001A,13/11/2019,GSP1,-,-,-,-,-,-,-,-
700TR001A,11/12/2018,GSP1,0,25328,61151,0,59,0,2,242
700TR001A,25/12/2017,GSP1,-,-,-,-,-,-,-,-
700TR001A,15/12/2017,GSP1,-,-,-,-,-,-,-,-
700TR001A,14/12/2017,GSP1,0,23693,56540,0,52,0,2,220
700TR001A,14/12/2016,GSP1,-,-,-,-,-,-,-,-
700TR001A,23/11/2015,GSP1,-,-,-,-,-,-,-,-
700TR001A,29/1/2015,GSP1,-,-,-,-,-,-,-,-
700TR001A,25/11/2013,GSP1,-,-,-,-,-,-,-,-
,,,,,,,,,,
700TR002A,23/12/2022,GSP1,-,-,-,-,-,-,-,-
700TR002A,22/12/2022,GSP1,46,28234,61724,0,17,0,2,47
700TR002A,21/12/2022,GSP1,-,-,-,-,-,-,-,-
700TR002A,24/12/2021,GSP1,-,-,-,-,-,-,-,-
700TR002A,25/11/2021,GSP1,-,-,-,-,-,-,-,-
700TR002A,24/11/2021,GSP1,-,-,-,-,-,-,-,-
700TR002A,23/11/2021,GSP1,0,12427,26579,0,6,0,2,18
700TR002A,22/11/2021,GSP1,-,-,-,-,-,-,-,-
700TR002A,21/11/2021,GSP1,-,-,-,-,-,-,-,-
700TR002A,20/11/2021,GSP1,-,-,-,-,-,-,-,-
700TR002A,15/7/2021,GSP1,-,-,-,-,-,-,-,-
700TR002A,23/11/2020,GSP1,0,12427,26579,0,6,0,2,18
700TR002A,22/11/2020,GSP1,-,-,-,-,-,-,-,-
700TR002A,28/11/2019,GSP1,0,9701,24073,0,11,0,1,21
700TR002A,13/11/2019,GSP1,-,-,-,-,-,-,-,-
700TR002A,11/12/2018,GSP1,0,27753,58213,0,10,0,0,38
700TR002A,25/12/2017,GSP1,-,-,-,-,-,-,-,-
700TR002A,15/12/2017,GSP1,-,-,-,-,-,-,-,-
700TR002A,14/12/2017,GSP1,0,24552,51260,0,7,0,0,40
700TR002A,14/12/2016,GSP1,-,-,-,-,-,-,-,-
700TR002A,23/11/2015,GSP1,-,-,-,-,-,-,-,-
700TR002A,29/1/2015,GSP1,-,-,-,-,-,-,-,-
700TR002A,25/11/2013,GSP1,-,-,-,-,-,-,-,-
,,,,,,,,,,
700TR002B,23/12/2022,GSP1,-,-,-,-,-,-,-,-
700TR002B,22/12/2022,GSP1,20,26435,58256,0,33,0,3,62
700TR002B,21/12/2022,GSP1,-,-,-,-,-,-,-,-
700TR002B,24/12/2021,GSP1,-,-,-,-,-,-,-,-
700TR002B,25/11/2021,GSP1,-,-,-,-,-,-,-,-
700TR002B,24/11/2021,GSP1,-,-,-,-,-,-,-,-
700TR002B,23/11/2021,GSP1,-,-,-,-,-,-,-,-
700TR002B,22/11/2021,GSP1,-,-,-,-,-,-,-,-
700TR002B,21/11/2021,GSP1,0,28522,63604,0,22,0,3,59
700TR002B,20/11/2021,GSP1,-,-,-,-,-,-,-,-
700TR002B,15/7/2021,GSP1,-,-,-,-,-,-,-,-
700TR002B,23/11/2020,GSP1,0,12451,26210,0,12,0,2,23
700TR002B,22/11/2020,GSP1,-,-,-,-,-,-,-,-
700TR002B,28/11/2019,GSP1,0,9186,22813,0,25,0,1,29
700TR002B,13/11/2019,GSP1,-,-,-,-,-,-,-,-
700TR002B,11/12/2018,GSP1,0,27197,59231,0,27,0,0,67
700TR002B,25/12/2017,GSP1,-,-,-,-,-,-,-,-
700TR002B,15/12/2017,GSP1,-,-,-,-,-,-,-,-
700TR002B,14/12/2017,GSP1,0,21426,45937,0,29,0,0,59
700TR002B,14/12/2016,GSP1,-,-,-,-,-,-,-,-
700TR002B,23/11/2015,GSP1,-,-,-,-,-,-,-,-
700TR002B,29/1/2015,GSP1,-,-,-,-,-,-,-,-
700TR002B,25/11/2013,GSP1,-,-,-,-,-,-,-,-
,,,,,,,,,,
700TR003A,23/12/2022,GSP1,-,-,-,-,-,-,-,-
700TR003A,22/12/2022,GSP1,46,29260,66688,0,165,48,5,58
700TR003A,21/12/2022,GSP1,-,-,-,-,-,-,-,-
700TR003A,24/12/2021,GSP1,-,-,-,-,-,-,-,-
700TR003A,25/11/2021,GSP1,-,-,-,-,-,-,-,-
700TR003A,24/11/2021,GSP1,-,-,-,-,-,-,-,-
700TR003A,23/11/2021,GSP1,-,-,-,-,-,-,-,-
700TR003A,22/11/2021,GSP1,-,-,-,-,-,-,-,-
700TR003A,21/11/2021,GSP1,0,31647,67293,2,258,63,27,43
700TR003A,20/11/2021,GSP1,-,-,-,-,-,-,-,-
700TR003A,15/7/2021,GSP1,-,-,-,-,-,-,-,-
700TR003A,23/11/2020,GSP1,0,12636,25968,0,286,68,106,18
700TR003A,22/11/2020,GSP1,-,-,-,-,-,-,-,-
700TR003A,28/11/2019,GSP1,0,9692,23589,0,11,0,1,24
700TR003A,13/11/2019,GSP1,-,-,-,-,-,-,-,-
700TR003A,11/12/2018,GSP1,0,28406,59411,0,7,0,0,46
700TR003A,25/12/2017,GSP1,-,-,-,-,-,-,-,-
700TR003A,15/12/2017,GSP1,-,-,-,-,-,-,-,-
700TR003A,14/12/2017,GSP1,0,23030,48375,0,6,0,0,44
700TR003A,14/12/2016,GSP1,-,-,-,-,-,-,-,-
700TR003A,23/11/2015,GSP1,-,-,-,-,-,-,-,-
700TR003A,29/1/2015,GSP1,-,-,-,-,-,-,-,-
700TR003A,25/11/2013,GSP1,-,-,-,-,-,-,-,-
,,,,,,,,,,
700TR003B,23/12/2022,GSP1,-,-,-,-,-,-,-,-
700TR003B,22/12/2022,GSP1,33,28657,64349,0,29,0,2,68
700TR003B,21/12/2022,GSP1,-,-,-,-,-,-,-,-
700TR003B,24/12/2021,GSP1,-,-,-,-,-,-,-,-
700TR003B,25/11/2021,GSP1,-,-,-,-,-,-,-,-
700TR003B,24/11/2021,GSP1,-,-,-,-,-,-,-,-
700TR003B,23/11/2021,GSP1,-,-,-,-,-,-,-,-
700TR003B,22/11/2021,GSP1,-,-,-,-,-,-,-,-
700TR003B,21/11/2021,GSP1,0,28980,61651,0,25,0,3,54
700TR003B,20/11/2021,GSP1,-,-,-,-,-,-,-,-
700TR003B,15/7/2021,GSP1,-,-,-,-,-,-,-,-
700TR003B,23/11/2020,GSP1,0,12822,27553,0,13,0,2,22
700TR003B,22/11/2020,GSP1,-,-,-,-,-,-,-,-
700TR003B,28/11/2019,GSP1,0,10916,29209,0,27,0,1,29
700TR003B,13/11/2019,GSP1,-,-,-,-,-,-,-,-
700TR003B,11/12/2018,GSP1,0,25576,54741,0,26,0,1,56
700TR003B,25/12/2017,GSP1,-,-,-,-,-,-,-,-
700TR003B,15/12/2017,GSP1,-,-,-,-,-,-,-,-
700TR003B,14/12/2017,GSP1,0,27035,57742,0,27,0,0,60
700TR003B,14/12/2016,GSP1,-,-,-,-,-,-,-,-
700TR003B,23/11/2015,GSP1,-,-,-,-,-,-,-,-
700TR003B,29/1/2015,GSP1,-,-,-,-,-,-,-,-
700TR003B,25/11/2013,GSP1,-,-,-,-,-,-,-,-
,,,,,,,,,,
700TR004A,23/12/2022,GSP1,-,-,-,-,-,-,-,-
700TR004A,22/12/2022,GSP1,0,28819,67761,0,4,0,4,196
700TR004A,21/12/2022,GSP1,-,-,-,-,-,-,-,-
700TR004A,24/12/2021,GSP1,-,-,-,-,-,-,-,-
700TR004A,25/11/2021,GSP1,-,-,-,-,-,-,-,-
700TR004A,24/11/2021,GSP1,-,-,-,-,-,-,-,-
700TR004A,23/11/2021,GSP1,-,-,-,-,-,-,-,-
700TR004A,22/11/2021,GSP1,-,-,-,-,-,-,-,-
700TR004A,21/11/2021,GSP1,5,30893,71022,0,3,0,5,151
700TR004A,20/11/2021,GSP1,-,-,-,-,-,-,-,-
700TR004A,15/7/2021,GSP1,-,-,-,-,-,-,-,-
700TR004A,23/11/2020,GSP1,0,11858,26155,0,1,0,2,47
700TR004A,22/11/2020,GSP1,-,-,-,-,-,-,-,-
700TR004A,28/11/2019,GSP1,4,9569,26845,0,1,1,3,88
700TR004A,13/11/2019,GSP1,-,-,-,-,-,-,-,-
700TR004A,11/12/2018,GSP1,-,-,-,-,-,-,-,-
700TR004A,25/12/2017,GSP1,-,-,-,-,-,-,-,-
700TR004A,15/12/2017,GSP1,-,-,-,-,-,-,-,-
700TR004A,14/12/2017,GSP1,0,24674,50976,0,7,0,0,33
700TR004A,14/12/2016,GSP1,0,28889,60530,0,6,0,0,37
700TR004A,23/11/2015,GSP1,-,-,-,-,-,-,-,-
700TR004A,29/1/2015,GSP1,-,-,-,-,-,-,-,-
700TR004A,25/11/2013,GSP1,-,-,-,-,-,-,-,-
,,,,,,,,,,
700TR004B,23/12/2022,GSP1,-,-,-,-,-,-,-,-
700TR004B,22/12/2022,GSP1,0,29814,66968,0,20,0,2,42
700TR004B,21/12/2022,GSP1,-,-,-,-,-,-,-,-
700TR004B,24/12/2021,GSP1,-,-,-,-,-,-,-,-
700TR004B,25/11/2021,GSP1,-,-,-,-,-,-,-,-
700TR004B,24/11/2021,GSP1,-,-,-,-,-,-,-,-
700TR004B,23/11/2021,GSP1,-,-,-,-,-,-,-,-
700TR004B,22/11/2021,GSP1,-,-,-,-,-,-,-,-
700TR004B,21/11/2021,GSP1,0,30018,62845,0,17,0,3,40
700TR004B,20/11/2021,GSP1,-,-,-,-,-,-,-,-
700TR004B,15/7/2021,GSP1,-,-,-,-,-,-,-,-
700TR004B,23/11/2020,GSP1,0,13213,28028,0,9,0,1,18
700TR004B,22/11/2020,GSP1,-,-,-,-,-,-,-,-
700TR004B,28/11/2019,GSP1,0,10199,24820,0,18,0,1,24
700TR004B,13/11/2019,GSP1,-,-,-,-,-,-,-,-
700TR004B,11/12/2018,GSP1,0,28118,61800,0,14,0,0,15
700TR004B,25/12/2017,GSP1,-,-,-,-,-,-,-,-
700TR004B,15/12/2017,GSP1,-,-,-,-,-,-,-,-
700TR004B,14/12/2017,GSP1,0,22757,47324,0,14,0,0,44
700TR004B,14/12/2016,GSP1,-,-,-,-,-,-,-,-
700TR004B,23/11/2015,GSP1,-,-,-,-,-,-,-,-
700TR004B,29/1/2015,GSP1,-,-,-,-,-,-,-,-
700TR004B,25/11/2013,GSP1,-,-,-,-,-,-,-,-
,,,,,,,,,,
700TR006,23/12/2022,GSP1,-,-,-,-,-,-,-,-
700TR006,22/12/2022,GSP1,14,28178,73976,0,5,0,4,256
700TR006,21/12/2022,GSP1,-,-,-,-,-,-,-,-
700TR006,24/12/2021,GSP1,-,-,-,-,-,-,-,-
700TR006,25/11/2021,GSP1,-,-,-,-,-,-,-,-
700TR006,24/11/2021,GSP1,-,-,-,-,-,-,-,-
700TR006,23/11/2021,GSP1,-,-,-,-,-,-,-,-
700TR006,22/11/2021,GSP1,-,-,-,-,-,-,-,-
700TR006,21/11/2021,GSP1,10,27315,65132,0,4,0,4,209
700TR006,20/11/2021,GSP1,-,-,-,-,-,-,-,-
700TR006,15/7/2021,GSP1,-,-,-,-,-,-,-,-
700TR006,23/11/2020,GSP1,0,11036,25863,0,2,0,2,52
700TR006,22/11/2020,GSP1,-,-,-,-,-,-,-,-
700TR006,28/11/2019,GSP1,-,-,-,-,-,-,-,-
700TR006,13/11/2019,GSP1,-,-,-,-,-,-,-,-
700TR006,11/12/2018,GSP1,-,-,-,-,-,-,-,-
700TR006,25/12/2017,GSP1,-,-,-,-,-,-,-,-
700TR006,15/12/2017,GSP1,-,-,-,-,-,-,-,-
700TR006,14/12/2017,GSP1,-,-,-,-,-,-,-,-
700TR006,14/12/2016,GSP1,-,-,-,-,-,-,-,-
700TR006,23/11/2015,GSP1,-,-,-,-,-,-,-,-
700TR006,29/1/2015,GSP1,-,-,-,-,-,-,-,-
700TR006,25/11/2013,GSP1,-,-,-,-,-,-,-,-
,,,,,,,,,,
700TR007,23/12/2022,GSP1,-,-,-,-,-,-,-,-
700TR007,22/12/2022,GSP1,3169,8465,70133,0,2,60,416,292
700TR007,21/12/2022,GSP1,-,-,-,-,-,-,-,-
700TR007,24/12/2021,GSP1,-,-,-,-,-,-,-,-
700TR007,25/11/2021,GSP1,-,-,-,-,-,-,-,-
700TR007,24/11/2021,GSP1,-,-,-,-,-,-,-,-
700TR007,23/11/2021,GSP1,-,-,-,-,-,-,-,-
700TR007,22/11/2021,GSP1,-,-,-,-,-,-,-,-
700TR007,21/11/2021,GSP1,-,-,-,-,-,-,-,-
700TR007,20/11/2021,GSP1,-,-,-,-,-,-,-,-
700TR007,15/7/2021,GSP1,-,-,-,-,-,-,-,-
700TR007,23/11/2020,GSP1,-,-,-,-,-,-,-,-
700TR007,22/11/2020,GSP1,-,-,-,-,-,-,-,-
700TR007,28/11/2019,GSP1,-,-,-,-,-,-,-,-
700TR007,13/11/2019,GSP1,-,-,-,-,-,-,-,-
700TR007,11/12/2018,GSP1,-,-,-,-,-,-,-,-
700TR007,25/12/2017,GSP1,-,-,-,-,-,-,-,-
700TR007,15/12/2017,GSP1,-,-,-,-,-,-,-,-
700TR007,14/12/2017,GSP1,-,-,-,-,-,-,-,-
700TR007,14/12/2016,GSP1,-,-,-,-,-,-,-,-
700TR007,23/11/2015,GSP1,-,-,-,-,-,-,-,-
700TR007,29/1/2015,GSP1,-,-,-,-,-,-,-,-
700TR007,25/11/2013,GSP1,-,-,-,-,-,-,-,-
,,,,,,,,,,
700TR005,23/12/2022,GSP1,-,-,-,-,-,-,-,-
700TR005,22/12/2022,GSP1,14,22682,63452,0,34,1,5,478
700TR005,21/12/2022,GSP1,-,-,-,-,-,-,-,-
700TR005,24/12/2021,GSP1,-,-,-,-,-,-,-,-
700TR005,25/11/2021,GSP1,-,-,-,-,-,-,-,-
700TR005,24/11/2021,GSP1,-,-,-,-,-,-,-,-
700TR005,23/11/2021,GSP1,-,-,-,-,-,-,-,-
700TR005,22/11/2021,GSP1,-,-,-,-,-,-,-,-
700TR005,21/11/2021,GSP1,-,-,-,-,-,-,-,-
700TR005,20/11/2021,GSP1,-,-,-,-,-,-,-,-
700TR005,15/7/2021,GSP1,-,-,-,-,-,-,-,-
700TR005,23/11/2020,GSP1,-,-,-,-,-,-,-,-
700TR005,22/11/2020,GSP1,-,-,-,-,-,-,-,-
700TR005,28/11/2019,GSP1,-,-,-,-,-,-,-,-
700TR005,13/11/2019,GSP1,-,-,-,-,-,-,-,-
700TR005,11/12/2018,GSP1,-,-,-,-,-,-,-,-
700TR005,25/12/2017,GSP1,-,-,-,-,-,-,-,-
700TR005,15/12/2017,GSP1,-,-,-,-,-,-,-,-
700TR005,14/12/2017,GSP1,-,-,-,-,-,-,-,-
700TR005,14/12/2016,GSP1,-,-,-,-,-,-,-,-
700TR005,23/11/2015,GSP1,-,-,-,-,-,-,-,-
700TR005,29/1/2015,GSP1,-,-,-,-,-,-,-,-
700TR005,25/11/2013,GSP1,-,-,-,-,-,-,-,-
,,,,,,,,,,
796TR001A,23/12/2022,GSP2,-,-,-,-,-,-,-,-
796TR001A,22/12/2022,GSP2,-,-,-,-,-,-,-,-
796TR001A,21/12/2022,GSP2,0,25059,60906,0,39,1,3,226
796TR001A,24/12/2021,GSP2,-,-,-,-,-,-,-,-
796TR001A,25/11/2021,GSP2,-,-,-,-,-,-,-,-
796TR001A,24/11/2021,GSP2,5,25701,61519,0,33,2,5,210
796TR001A,23/11/2021,GSP2,-,-,-,-,-,-,-,-
796TR001A,22/11/2021,GSP2,-,-,-,-,-,-,-,-
796TR001A,21/11/2021,GSP2,-,-,-,-,-,-,-,-
796TR001A,20/11/2021,GSP2,-,-,-,-,-,-,-,-
796TR001A,15/7/2021,GSP2,-,-,-,-,-,-,-,-
796TR001A,23/11/2020,GSP2,0,10022,22587,0,20,1,4,93
796TR001A,22/11/2020,GSP2,-,-,-,-,-,-,-,-
796TR001A,28/11/2019,GSP2,2,10053,29629,0,21,3,3,108
796TR001A,13/11/2019,GSP2,-,-,-,-,-,-,-,-
796TR001A,11/12/2018,GSP2,0,22526,56618,0,16,0,4,202
796TR001A,25/12/2017,GSP2,-,-,-,-,-,-,-,-
796TR001A,15/12/2017,GSP2,-,-,-,-,-,-,-,-
796TR001A,14/12/2017,GSP2,0,20257,47187,0,21,0,0,224
796TR001A,14/12/2016,GSP2,-,-,-,-,-,-,-,-
796TR001A,23/11/2015,GSP2,-,-,-,-,-,-,-,-
796TR001A,29/1/2015,GSP2,-,-,-,-,-,-,-,-
796TR001A,25/11/2013,GSP2,-,-,-,-,-,-,-,-
,,,,,,,,,,
796TR001B,23/12/2022,GSP2,-,-,-,-,-,-,-,-
796TR001B,22/12/2022,GSP2,-,-,-,-,-,-,-,-
796TR001B,21/12/2022,GSP2,0,23712,60908,0,57,3,5,274
796TR001B,24/12/2021,GSP2,-,-,-,-,-,-,-,-
796TR001B,25/11/2021,GSP2,-,-,-,-,-,-,-,-
796TR001B,24/11/2021,GSP2,-,-,-,-,-,-,-,-
796TR001B,23/11/2021,GSP2,-,-,-,-,-,-,-,-
796TR001B,22/11/2021,GSP2,-,-,-,-,-,-,-,-
796TR001B,21/11/2021,GSP2,-,-,-,-,-,-,-,-
796TR001B,20/11/2021,GSP2,-,-,-,-,-,-,-,-
796TR001B,15/7/2021,GSP2,-,-,-,-,-,-,-,-
796TR001B,23/11/2020,GSP2,0,9477,25612,0,27,2,3,160
796TR001B,22/11/2020,GSP2,-,-,-,-,-,-,-,-
796TR001B,28/11/2019,GSP2,3,8897,30217,0,24,3,3,178
796TR001B,13/11/2019,GSP2,-,-,-,-,-,-,-,-
796TR001B,11/12/2018,GSP2,0,22005,61435,0,14,0,3,270
796TR001B,25/12/2017,GSP2,-,-,-,-,-,-,-,-
796TR001B,15/12/2017,GSP2,-,-,-,-,-,-,-,-
796TR001B,14/12/2017,GSP2,0,18363,44127,0,68,14,16,0
796TR001B,14/12/2016,GSP2,0,28636,58410,0,51,11,0,23
796TR001B,23/11/2015,GSP2,-,-,-,-,-,-,-,-
796TR001B,29/1/2015,GSP2,-,-,-,-,-,-,-,-
796TR001B,25/11/2013,GSP2,-,-,-,-,-,-,-,-
,,,,,,,,,,
797TR011,23/12/2022,GSP2,-,-,-,-,-,-,-,-
797TR011,22/12/2022,GSP2,22,9005,56721,0,84,0,6,872
797TR011,21/12/2022,GSP2,-,-,-,-,-,-,-,-
797TR011,24/12/2021,GSP2,-,-,-,-,-,-,-,-
797TR011,25/11/2021,GSP2,-,-,-,-,-,-,-,-
797TR011,24/11/2021,GSP2,-,-,-,-,-,-,-,-
797TR011,23/11/2021,GSP2,-,-,-,-,-,-,-,-
797TR011,22/11/2021,GSP2,-,-,-,-,-,-,-,-
797TR011,21/11/2021,GSP2,14,13756,67539,0,64,0,6,774
797TR011,20/11/2021,GSP2,-,-,-,-,-,-,-,-
797TR011,15/7/2021,GSP2,-,-,-,-,-,-,-,-
797TR011,23/11/2020,GSP2,5,6759,31010,0,31,0,3,275
797TR011,22/11/2020,GSP2,-,-,-,-,-,-,-,-
797TR011,28/11/2019,GSP2,7,5519,29057,0,35,0,3,339
797TR011,13/11/2019,GSP2,-,-,-,-,-,-,-,-
797TR011,11/12/2018,GSP2,0,15100,59749,0,25,0,2,566
797TR011,25/12/2017,GSP2,-,-,-,-,-,-,-,-
797TR011,15/12/2017,GSP2,-,-,-,-,-,-,-,-
797TR011,14/12/2017,GSP2,18,10132,55258,0,51,0,3,0
797TR011,14/12/2016,GSP2,-,-,-,-,-,-,-,-
797TR011,23/11/2015,GSP2,-,-,-,-,-,-,-,-
797TR011,29/1/2015,GSP2,-,-,-,-,-,-,-,-
797TR011,25/11/2013,GSP2,-,-,-,-,-,-,-,-
,,,,,,,,,,
797TR012,23/12/2022,GSP2,-,-,-,-,-,-,-,-
797TR012,22/12/2022,GSP2,-,-,-,-,-,-,-,-
797TR012,21/12/2022,GSP2,14,4230,65763,0,71,1,9,979
797TR012,24/12/2021,GSP2,-,-,-,-,-,-,-,-
797TR012,25/11/2021,GSP2,-,-,-,-,-,-,-,-
797TR012,24/11/2021,GSP2,12,4397,67595,0,62,1,10,904
797TR012,23/11/2021,GSP2,-,-,-,-,-,-,-,-
797TR012,22/11/2021,GSP2,-,-,-,-,-,-,-,-
797TR012,21/11/2021,GSP2,-,-,-,-,-,-,-,-
797TR012,20/11/2021,GSP2,-,-,-,-,-,-,-,-
797TR012,15/7/2021,GSP2,-,-,-,-,-,-,-,-
797TR012,23/11/2020,GSP2,6,2922,29219,0,42,1,4,395
797TR012,22/11/2020,GSP2,-,-,-,-,-,-,-,-
797TR012,28/11/2019,GSP2,4,3657,28459,0,41,1,4,394
797TR012,13/11/2019,GSP2,-,-,-,-,-,-,-,-
797TR012,11/12/2018,GSP2,0,14413,66232,0,33,0,4,594
797TR012,25/12/2017,GSP2,-,-,-,-,-,-,-,-
797TR012,15/12/2017,GSP2,-,-,-,-,-,-,-,-
797TR012,14/12/2017,GSP2,16,3619,42916,0,38,0,5,0
797TR012,14/12/2016,GSP2,-,-,-,-,-,-,-,-
797TR012,23/11/2015,GSP2,-,-,-,-,-,-,-,-
797TR012,29/1/2015,GSP2,-,-,-,-,-,-,-,-
797TR012,25/11/2013,GSP2,-,-,-,-,-,-,-,-
,,,,,,,,,,
3328TR001A,23/12/2022,GSP3,-,-,-,-,-,-,-,-
3328TR001A,22/12/2022,GSP3,-,-,-,-,-,-,-,-
3328TR001A,21/12/2022,GSP3,22,21843,55433,0,76,20,4,185
3328TR001A,24/12/2021,GSP3,-,-,-,-,-,-,-,-
3328TR001A,25/11/2021,GSP3,-,-,-,-,-,-,-,-
3328TR001A,24/11/2021,GSP3,-,-,-,-,-,-,-,-
3328TR001A,23/11/2021,GSP3,-,-,-,-,-,-,-,-
3328TR001A,22/11/2021,GSP3,-,-,-,-,-,-,-,-
3328TR001A,21/11/2021,GSP3,-,-,-,-,-,-,-,-
3328TR001A,20/11/2021,GSP3,14,26374,65965,3,118,26,8,141
3328TR001A,15/7/2021,GSP3,-,-,-,-,-,-,-,-
3328TR001A,23/11/2020,GSP3,13,9285,26909,0,131,25,9,113
3328TR001A,22/11/2020,GSP3,-,-,-,-,-,-,-,-
3328TR001A,28/11/2019,GSP3,10,6584,23437,0,248,43,35,106
3328TR001A,13/11/2019,GSP3,-,-,-,-,-,-,-,-
3328TR001A,11/12/2018,GSP3,28,20413,58728,3,525,71,260,169
3328TR001A,25/12/2017,GSP3,-,-,-,-,-,-,-,-
3328TR001A,15/12/2017,GSP3,-,-,-,-,-,-,-,-
3328TR001A,14/12/2017,GSP3,21,19602,53854,0,31,6,3,216
3328TR001A,14/12/2016,GSP3,-,-,-,-,-,-,-,-
3328TR001A,23/11/2015,GSP3,-,-,-,-,-,-,-,-
3328TR001A,29/1/2015,GSP3,-,-,-,-,-,-,-,-
3328TR001A,25/11/2013,GSP3,-,-,-,-,-,-,-,-
,,,,,,,,,,
3328TR001B,23/12/2022,GSP3,-,-,-,-,-,-,-,-
3328TR001B,22/12/2022,GSP3,-,-,-,-,-,-,-,-
3328TR001B,21/12/2022,GSP3,17,25342,61054,0,1,1,4,136
3328TR001B,24/12/2021,GSP3,-,-,-,-,-,-,-,-
3328TR001B,25/11/2021,GSP3,-,-,-,-,-,-,-,-
3328TR001B,24/11/2021,GSP3,-,-,-,-,-,-,-,-
3328TR001B,23/11/2021,GSP3,-,-,-,-,-,-,-,-
3328TR001B,22/11/2021,GSP3,-,-,-,-,-,-,-,-
3328TR001B,21/11/2021,GSP3,-,-,-,-,-,-,-,-
3328TR001B,20/11/2021,GSP3,11,27101,64912,0,2,1,4,119
3328TR001B,15/7/2021,GSP3,-,-,-,-,-,-,-,-
3328TR001B,23/11/2020,GSP3,8,9085,24963,0,1,0,2,72
3328TR001B,22/11/2020,GSP3,-,-,-,-,-,-,-,-
3328TR001B,28/11/2019,GSP3,7,7551,24371,0,3,1,2,75
3328TR001B,13/11/2019,GSP3,-,-,-,-,-,-,-,-
3328TR001B,11/12/2018,GSP3,0,20219,53888,0,0,0,0,99
3328TR001B,25/12/2017,GSP3,-,-,-,-,-,-,-,-
3328TR001B,15/12/2017,GSP3,-,-,-,-,-,-,-,-
3328TR001B,14/12/2017,GSP3,15,23345,59064,0,0,0,3,149
3328TR001B,14/12/2016,GSP3,-,-,-,-,-,-,-,-
3328TR001B,23/11/2015,GSP3,-,-,-,-,-,-,-,-
3328TR001B,29/1/2015,GSP3,-,-,-,-,-,-,-,-
3328TR001B,25/11/2013,GSP3,-,-,-,-,-,-,-,-
,,,,,,,,,,
3328TR002A,23/12/2022,GSP3,-,-,-,-,-,-,-,-
3328TR002A,22/12/2022,GSP3,-,-,-,-,-,-,-,-
3328TR002A,21/12/2022,GSP3,21,25933,60271,0,12,1,5,43
3328TR002A,24/12/2021,GSP3,-,-,-,-,-,-,-,-
3328TR002A,25/11/2021,GSP3,-,-,-,-,-,-,-,-
3328TR002A,24/11/2021,GSP3,-,-,-,-,-,-,-,-
3328TR002A,23/11/2021,GSP3,-,-,-,-,-,-,-,-
3328TR002A,22/11/2021,GSP3,-,-,-,-,-,-,-,-
3328TR002A,21/11/2021,GSP3,-,-,-,-,-,-,-,-
3328TR002A,20/11/2021,GSP3,13,25447,66802,0,7,1,5,195
3328TR002A,15/7/2021,GSP3,-,-,-,-,-,-,-,-
3328TR002A,23/11/2020,GSP3,7,8762,25993,0,6,1,3,105
3328TR002A,22/11/2020,GSP3,-,-,-,-,-,-,-,-
3328TR002A,28/11/2019,GSP3,6,6704,23649,0,7,2,2,96
3328TR002A,13/11/2019,GSP3,-,-,-,-,-,-,-,-
3328TR002A,11/12/2018,GSP3,18,15892,61827,0,12,0,3,165
3328TR002A,25/12/2017,GSP3,-,-,-,-,-,-,-,-
3328TR002A,15/12/2017,GSP3,-,-,-,-,-,-,-,-
3328TR002A,14/12/2017,GSP3,0,17170,43352,0,8,0,0,201
3328TR002A,14/12/2016,GSP3,-,-,-,-,-,-,-,-
3328TR002A,23/11/2015,GSP3,-,-,-,-,-,-,-,-
3328TR002A,29/1/2015,GSP3,-,-,-,-,-,-,-,-
3328TR002A,25/11/2013,GSP3,-,-,-,-,-,-,-,-
,,,,,,,,,,
3328TR002B,23/12/2022,GSP3,-,-,-,-,-,-,-,-
3328TR002B,22/12/2022,GSP3,-,-,-,-,-,-,-,-
3328TR002B,21/12/2022,GSP3,21,24917,60500,0,3,2,3,151
3328TR002B,24/12/2021,GSP3,-,-,-,-,-,-,-,-
3328TR002B,25/11/2021,GSP3,-,-,-,-,-,-,-,-
3328TR002B,24/11/2021,GSP3,-,-,-,-,-,-,-,-
3328TR002B,23/11/2021,GSP3,-,-,-,-,-,-,-,-
3328TR002B,22/11/2021,GSP3,-,-,-,-,-,-,-,-
3328TR002B,21/11/2021,GSP3,12,23851,61156,0,4,1,4,140
3328TR002B,20/11/2021,GSP3,-,-,-,-,-,-,-,-
3328TR002B,15/7/2021,GSP3,-,-,-,-,-,-,-,-
3328TR002B,23/11/2020,GSP3,8,9821,26466,0,15,2,3,87
3328TR002B,22/11/2020,GSP3,-,-,-,-,-,-,-,-
3328TR002B,28/11/2019,GSP3,10,6592,23281,0,6,1,2,98
3328TR002B,13/11/2019,GSP3,-,-,-,-,-,-,-,-
3328TR002B,11/12/2018,GSP3,18,20830,57738,0,3,0,1,139
3328TR002B,25/12/2017,GSP3,-,-,-,-,-,-,-,-
3328TR002B,15/12/2017,GSP3,-,-,-,-,-,-,-,-
3328TR002B,14/12/2017,GSP3,17,25965,63713,0,14,0,0,204
3328TR002B,14/12/2016,GSP3,-,-,-,-,-,-,-,-
3328TR002B,23/11/2015,GSP3,-,-,-,-,-,-,-,-
3328TR002B,29/1/2015,GSP3,-,-,-,-,-,-,-,-
3328TR002B,25/11/2013,GSP3,-,-,-,-,-,-,-,-
,,,,,,,,,,
3328TR003A,23/12/2022,GSP3,-,-,-,-,-,-,-,-
3328TR003A,22/12/2022,GSP3,0,28397,65054,0,1,0,3,103
3328TR003A,21/12/2022,GSP3,-,-,-,-,-,-,-,-
3328TR003A,24/12/2021,GSP3,-,-,-,-,-,-,-,-
3328TR003A,25/11/2021,GSP3,-,-,-,-,-,-,-,-
3328TR003A,24/11/2021,GSP3,-,-,-,-,-,-,-,-
3328TR003A,23/11/2021,GSP3,-,-,-,-,-,-,-,-
3328TR003A,22/11/2021,GSP3,-,-,-,-,-,-,-,-
3328TR003A,21/11/2021,GSP3,-,-,-,-,-,-,-,-
3328TR003A,20/11/2021,GSP3,6,26969,62562,0,2,1,4,91
3328TR003A,15/7/2021,GSP3,-,-,-,-,-,-,-,-
3328TR003A,23/11/2020,GSP3,2,10760,24526,0,2,0,2,47
3328TR003A,22/11/2020,GSP3,-,-,-,-,-,-,-,-
3328TR003A,28/11/2019,GSP3,5,9568,26406,0,1,1,2,52
3328TR003A,13/11/2019,GSP3,-,-,-,-,-,-,-,-
3328TR003A,11/12/2018,GSP3,0,24844,60348,0,0,0,0,70
3328TR003A,25/12/2017,GSP3,-,-,-,-,-,-,-,-
3328TR003A,15/12/2017,GSP3,-,-,-,-,-,-,-,-
3328TR003A,14/12/2017,GSP3,0,20793,50268,0,0,0,0,96
3328TR003A,14/12/2016,GSP3,-,-,-,-,-,-,-,-
3328TR003A,23/11/2015,GSP3,-,-,-,-,-,-,-,-
3328TR003A,29/1/2015,GSP3,-,-,-,-,-,-,-,-
3328TR003A,25/11/2013,GSP3,-,-,-,-,-,-,-,-
,,,,,,,,,,
3328TR003B,23/12/2022,GSP3,-,-,-,-,-,-,-,-
3328TR003B,22/12/2022,GSP3,11,27287,62594,0,1,0,3,102
3328TR003B,21/12/2022,GSP3,-,-,-,-,-,-,-,-
3328TR003B,24/12/2021,GSP3,-,-,-,-,-,-,-,-
3328TR003B,25/11/2021,GSP3,-,-,-,-,-,-,-,-
3328TR003B,24/11/2021,GSP3,-,-,-,-,-,-,-,-
3328TR003B,23/11/2021,GSP3,-,-,-,-,-,-,-,-
3328TR003B,22/11/2021,GSP3,-,-,-,-,-,-,-,-
3328TR003B,21/11/2021,GSP3,-,-,-,-,-,-,-,-
3328TR003B,20/11/2021,GSP3,6,28031,63776,0,1,0,4,85
3328TR003B,15/7/2021,GSP3,-,-,-,-,-,-,-,-
3328TR003B,23/11/2020,GSP3,5,12599,28544,0,1,0,2,48
3328TR003B,22/11/2020,GSP3,-,-,-,-,-,-,-,-
3328TR003B,28/11/2019,GSP3,3,8892,24258,0,1,1,2,50
3328TR003B,13/11/2019,GSP3,-,-,-,-,-,-,-,-
3328TR003B,11/12/2018,GSP3,0,24768,59714,2,0,0,0,68
3328TR003B,25/12/2017,GSP3,-,-,-,-,-,-,-,-
3328TR003B,15/12/2017,GSP3,-,-,-,-,-,-,-,-
3328TR003B,14/12/2017,GSP3,0,26238,64126,0,0,0,0,97
3328TR003B,14/12/2016,GSP3,-,-,-,-,-,-,-,-
3328TR003B,23/11/2015,GSP3,-,-,-,-,-,-,-,-
3328TR003B,29/1/2015,GSP3,-,-,-,-,-,-,-,-
3328TR003B,25/11/2013,GSP3,-,-,-,-,-,-,-,-
,,,,,,,,,,
3328TR004A,23/12/2022,GSP3,-,-,-,-,-,-,-,-
3328TR004A,22/12/2022,GSP3,-,-,-,-,-,-,-,-
3328TR004A,21/12/2022,GSP3,9,27275,62280,0,2,1,3,97
3328TR004A,24/12/2021,GSP3,-,-,-,-,-,-,-,-
3328TR004A,25/11/2021,GSP3,-,-,-,-,-,-,-,-
3328TR004A,24/11/2021,GSP3,-,-,-,-,-,-,-,-
3328TR004A,23/11/2021,GSP3,-,-,-,-,-,-,-,-
3328TR004A,22/11/2021,GSP3,-,-,-,-,-,-,-,-
3328TR004A,21/11/2021,GSP3,-,-,-,-,-,-,-,-
3328TR004A,20/11/2021,GSP3,8,31104,71599,0,3,1,4,101
3328TR004A,15/7/2021,GSP3,-,-,-,-,-,-,-,-
3328TR004A,23/11/2020,GSP3,4,11512,26328,0,2,0,2,53
3328TR004A,22/11/2020,GSP3,-,-,-,-,-,-,-,-
3328TR004A,28/11/2019,GSP3,3,9479,27702,0,2,1,2,52
3328TR004A,13/11/2019,GSP3,-,-,-,-,-,-,-,-
3328TR004A,11/12/2018,GSP3,0,27112,67576,0,0,0,0,82
3328TR004A,25/12/2017,GSP3,-,-,-,-,-,-,-,-
3328TR004A,15/12/2017,GSP3,-,-,-,-,-,-,-,-
3328TR004A,14/12/2017,GSP3,0,21818,48633,0,0,0,0,97
3328TR004A,14/12/2016,GSP3,-,-,-,-,-,-,-,-
3328TR004A,23/11/2015,GSP3,-,-,-,-,-,-,-,-
3328TR004A,29/1/2015,GSP3,-,-,-,-,-,-,-,-
3328TR004A,25/11/2013,GSP3,-,-,-,-,-,-,-,-
,,,,,,,,,,
3328TR004B,23/12/2022,GSP3,-,-,-,-,-,-,-,-
3328TR004B,22/12/2022,GSP3,-,-,-,-,-,-,-,-
3328TR004B,21/12/2022,GSP3,0,26487,26487,0,6,0,3,96
3328TR004B,24/12/2021,GSP3,-,-,-,-,-,-,-,-
3328TR004B,25/11/2021,GSP3,-,-,-,-,-,-,-,-
3328TR004B,24/11/2021,GSP3,-,-,-,-,-,-,-,-
3328TR004B,23/11/2021,GSP3,-,-,-,-,-,-,-,-
3328TR004B,22/11/2021,GSP3,-,-,-,-,-,-,-,-
3328TR004B,21/11/2021,GSP3,-,-,-,-,-,-,-,-
3328TR004B,20/11/2021,GSP3,2,29965,29965,0,5,0,4,94
3328TR004B,15/7/2021,GSP3,-,-,-,-,-,-,-,-
3328TR004B,23/11/2020,GSP3,0,11975,11975,0,3,0,2,45
3328TR004B,22/11/2020,GSP3,-,-,-,-,-,-,-,-
3328TR004B,28/11/2019,GSP3,2,9173,9173,0,2,1,2,51
3328TR004B,13/11/2019,GSP3,-,-,-,-,-,-,-,-
3328TR004B,11/12/2018,GSP3,0,25084,25084,0,0,2,0,73
3328TR004B,25/12/2017,GSP3,-,-,-,-,-,-,-,-
3328TR004B,15/12/2017,GSP3,-,-,-,-,-,-,-,-
3328TR004B,14/12/2017,GSP3,0,13349,27970,0,0,0,0,20
3328TR004B,14/12/2016,GSP3,-,-,-,-,-,-,-,-
3328TR004B,23/11/2015,GSP3,-,-,-,-,-,-,-,-
3328TR004B,29/1/2015,GSP3,-,-,-,-,-,-,-,-
3328TR004B,25/11/2013,GSP3,-,-,-,-,-,-,-,-
,,,,,,,,,,
3328TR005A,23/12/2022,GSP3,-,-,-,-,-,-,-,-
3328TR005A,22/12/2022,GSP3,-,-,-,-,-,-,-,-
3328TR005A,21/12/2022,GSP3,0,18906,61224,0,57,0,5,487
3328TR005A,24/12/2021,GSP3,-,-,-,-,-,-,-,-
3328TR005A,25/11/2021,GSP3,-,-,-,-,-,-,-,-
3328TR005A,24/11/2021,GSP3,7,22309,66436,0,40,0,5,432
3328TR005A,23/11/2021,GSP3,-,-,-,-,-,-,-,-
3328TR005A,22/11/2021,GSP3,-,-,-,-,-,-,-,-
3328TR005A,21/11/2021,GSP3,-,-,-,-,-,-,-,-
3328TR005A,20/11/2021,GSP3,-,-,-,-,-,-,-,-
3328TR005A,15/7/2021,GSP3,-,-,-,-,-,-,-,-
3328TR005A,23/11/2020,GSP3,5,9022,26892,0,23,0,2,188
3328TR005A,22/11/2020,GSP3,-,-,-,-,-,-,-,-
3328TR005A,28/11/2019,GSP3,2,6819,23342,0,21,1,2,165
3328TR005A,13/11/2019,GSP3,-,-,-,-,-,-,-,-
3328TR005A,11/12/2018,GSP3,0,21402,56645,0,10,0,0,150
3328TR005A,25/12/2017,GSP3,-,-,-,-,-,-,-,-
3328TR005A,15/12/2017,GSP3,-,-,-,-,-,-,-,-
3328TR005A,14/12/2017,GSP3,0,17808,52067,0,33,0,0,457
3328TR005A,14/12/2016,GSP3,-,-,-,-,-,-,-,-
3328TR005A,23/11/2015,GSP3,-,-,-,-,-,-,-,-
3328TR005A,29/1/2015,GSP3,-,-,-,-,-,-,-,-
3328TR005A,25/11/2013,GSP3,-,-,-,-,-,-,-,-
,,,,,,,,,,
3328TR005B,23/12/2022,GSP3,-,-,-,-,-,-,-,-
3328TR005B,22/12/2022,GSP3,-,-,-,-,-,-,-,-
3328TR005B,21/12/2022,GSP3,0,17830,60620,0,58,0,5,503
3328TR005B,24/12/2021,GSP3,-,-,-,-,-,-,-,-
3328TR005B,25/11/2021,GSP3,-,-,-,-,-,-,-,-
3328TR005B,24/11/2021,GSP3,-,-,-,-,-,-,-,-
3328TR005B,23/11/2021,GSP3,-,-,-,-,-,-,-,-
3328TR005B,22/11/2021,GSP3,-,-,-,-,-,-,-,-
3328TR005B,21/11/2021,GSP3,-,-,-,-,-,-,-,-
3328TR005B,20/11/2021,GSP3,-,-,-,-,-,-,-,-
3328TR005B,15/7/2021,GSP3,-,-,-,-,-,-,-,-
3328TR005B,23/11/2020,GSP3,3,7814,26064,0,31,0,3,218
3328TR005B,22/11/2020,GSP3,-,-,-,-,-,-,-,-
3328TR005B,28/11/2019,GSP3,3,6902,25142,0,26,0,2,198
3328TR005B,13/11/2019,GSP3,-,-,-,-,-,-,-,-
3328TR005B,11/12/2018,GSP3,0,24828,63463,2,11,0,0,170
3328TR005B,25/12/2017,GSP3,-,-,-,-,-,-,-,-
3328TR005B,15/12/2017,GSP3,-,-,-,-,-,-,-,-
3328TR005B,14/12/2017,GSP3,0,21870,63753,0,39,0,0,495
3328TR005B,14/12/2016,GSP3,0,19922,58565,0,34,0,0,453
3328TR005B,23/11/2015,GSP3,-,-,-,-,-,-,-,-
3328TR005B,29/1/2015,GSP3,-,-,-,-,-,-,-,-
3328TR005B,25/11/2013,GSP3,-,-,-,-,-,-,-,-
,,,,,,,,,,
3325CLR001,23/12/2022,GSP3,-,-,-,-,-,-,-,-
3325CLR001,22/12/2022,GSP3,-,-,-,-,-,-,-,-
3325CLR001,21/12/2022,GSP3,5,23171,56514,0,1,0,3,125
3325CLR001,24/12/2021,GSP3,-,-,-,-,-,-,-,-
3325CLR001,25/11/2021,GSP3,-,-,-,-,-,-,-,-
3325CLR001,24/11/2021,GSP3,-,-,-,-,-,-,-,-
3325CLR001,23/11/2021,GSP3,-,-,-,-,-,-,-,-
3325CLR001,22/11/2021,GSP3,-,-,-,-,-,-,-,-
3325CLR001,21/11/2021,GSP3,-,-,-,-,-,-,-,-
3325CLR001,20/11/2021,GSP3,5,24881,60965,0,0,0,3,95
3325CLR001,15/7/2021,GSP3,-,-,-,-,-,-,-,-
3325CLR001,23/11/2020,GSP3,5,9298,22840,0,1,0,2,46
3325CLR001,22/11/2020,GSP3,-,-,-,-,-,-,-,-
3325CLR001,28/11/2019,GSP3,2,8078,23411,0,1,1,1,36
3325CLR001,13/11/2019,GSP3,-,-,-,-,-,-,-,-
3325CLR001,11/12/2018,GSP3,0,18092,45330,0,0,0,0,52
3325CLR001,25/12/2017,GSP3,-,-,-,-,-,-,-,-
3325CLR001,15/12/2017,GSP3,-,-,-,-,-,-,-,-
3325CLR001,14/12/2017,GSP3,0,16323,40044,0,0,0,0,129
3325CLR001,14/12/2016,GSP3,-,-,-,-,-,-,-,-
3325CLR001,23/11/2015,GSP3,-,-,-,-,-,-,-,-
3325CLR001,29/1/2015,GSP3,-,-,-,-,-,-,-,-
3325CLR001,25/11/2013,GSP3,-,-,-,-,-,-,-,-
,,,,,,,,,,
3325TR001A,23/12/2022,GSP3,-,-,-,-,-,-,-,-
3325TR001A,22/12/2022,GSP3,-,-,-,-,-,-,-,-
3325TR001A,21/12/2022,GSP3,12,25132,60723,0,1,0,4,141
3325TR001A,24/12/2021,GSP3,-,-,-,-,-,-,-,-
3325TR001A,25/11/2021,GSP3,-,-,-,-,-,-,-,-
3325TR001A,24/11/2021,GSP3,-,-,-,-,-,-,-,-
3325TR001A,23/11/2021,GSP3,-,-,-,-,-,-,-,-
3325TR001A,22/11/2021,GSP3,-,-,-,-,-,-,-,-
3325TR001A,21/11/2021,GSP3,-,-,-,-,-,-,-,-
3325TR001A,20/11/2021,GSP3,8,27513,62558,0,1,0,4,118
3325TR001A,15/7/2021,GSP3,-,-,-,-,-,-,-,-
3325TR001A,23/11/2020,GSP3,5,10954,26402,0,1,0,2,65
3325TR001A,22/11/2020,GSP3,-,-,-,-,-,-,-,-
3325TR001A,28/11/2019,GSP3,6,9099,26000,0,1,1,2,63
3325TR001A,13/11/2019,GSP3,-,-,-,-,-,-,-,-
3325TR001A,11/12/2018,GSP3,0,24756,63468,0,0,0,0,72
3325TR001A,25/12/2017,GSP3,-,-,-,-,-,-,-,-
3325TR001A,15/12/2017,GSP3,-,-,-,-,-,-,-,-
3325TR001A,14/12/2017,GSP3,14,23367,55786,0,0,0,0,145
3325TR001A,14/12/2016,GSP3,-,-,-,-,-,-,-,-
3325TR001A,23/11/2015,GSP3,-,-,-,-,-,-,-,-
3325TR001A,29/1/2015,GSP3,-,-,-,-,-,-,-,-
3325TR001A,25/11/2013,GSP3,-,-,-,-,-,-,-,-
,,,,,,,,,,
3325TR001B,23/12/2022,GSP3,-,-,-,-,-,-,-,-
3325TR001B,22/12/2022,GSP3,-,-,-,-,-,-,-,-
3325TR001B,21/12/2022,GSP3,18,25774,64659,0,12,2,4,150
3325TR001B,24/12/2021,GSP3,-,-,-,-,-,-,-,-
3325TR001B,25/11/2021,GSP3,-,-,-,-,-,-,-,-
3325TR001B,24/11/2021,GSP3,-,-,-,-,-,-,-,-
3325TR001B,23/11/2021,GSP3,-,-,-,-,-,-,-,-
3325TR001B,22/11/2021,GSP3,-,-,-,-,-,-,-,-
3325TR001B,21/11/2021,GSP3,-,-,-,-,-,-,-,-
3325TR001B,20/11/2021,GSP3,19,29110,70152,0,22,3,6,153
3325TR001B,15/7/2021,GSP3,-,-,-,-,-,-,-,-
3325TR001B,23/11/2020,GSP3,8,10734,26600,0,27,3,3,76
3325TR001B,22/11/2020,GSP3,-,-,-,-,-,-,-,-
3325TR001B,28/11/2019,GSP3,10,8506,26046,0,53,6,6,84
3325TR001B,13/11/2019,GSP3,-,-,-,-,-,-,-,-
3325TR001B,11/12/2018,GSP3,20,25274,67702,0,113,8,36,137
3325TR001B,25/12/2017,GSP3,-,-,-,-,-,-,-,-
3325TR001B,15/12/2017,GSP3,-,-,-,-,-,-,-,-
3325TR001B,14/12/2017,GSP3,17,19623,47779,0,0,0,0,187
3325TR001B,14/12/2016,GSP3,-,-,-,-,-,-,-,-
3325TR001B,23/11/2015,GSP3,-,-,-,-,-,-,-,-
3325TR001B,29/1/2015,GSP3,-,-,-,-,-,-,-,-
3325TR001B,25/11/2013,GSP3,-,-,-,-,-,-,-,-
,,,,,,,,,,
3325TR001C,23/12/2022,GSP3,-,-,-,-,-,-,-,-
3325TR001C,22/12/2022,GSP3,-,-,-,-,-,-,-,-
3325TR001C,21/12/2022,GSP3,0,26377,61549,2,328,128,109,178
3325TR001C,24/12/2021,GSP3,-,-,-,-,-,-,-,-
3325TR001C,25/11/2021,GSP3,-,-,-,-,-,-,-,-
3325TR001C,24/11/2021,GSP3,-,-,-,-,-,-,-,-
3325TR001C,23/11/2021,GSP3,-,-,-,-,-,-,-,-
3325TR001C,22/11/2021,GSP3,-,-,-,-,-,-,-,-
3325TR001C,21/11/2021,GSP3,3,24793,68385,4,22,5,10,369
3325TR001C,20/11/2021,GSP3,-,-,-,-,-,-,-,-
3325TR001C,15/7/2021,GSP3,-,-,-,-,-,-,-,-
3325TR001C,23/11/2020,GSP3,0,8720,26697,2,13,4,5,202
3325TR001C,22/11/2020,GSP3,-,-,-,-,-,-,-,-
3325TR001C,28/11/2019,GSP3,2,7961,28037,4,10,5,6,212
3325TR001C,13/11/2019,GSP3,-,-,-,-,-,-,-,-
3325TR001C,11/12/2018,GSP3,0,21810,66210,9,0,3,7,372
3325TR001C,25/12/2017,GSP3,-,-,-,-,-,-,-,-
3325TR001C,15/12/2017,GSP3,-,-,-,-,-,-,-,-
3325TR001C,14/12/2017,GSP3,12,21134,57748,10,0,0,0,191
3325TR001C,14/12/2016,GSP3,-,-,-,-,-,-,-,-
3325TR001C,23/11/2015,GSP3,-,-,-,-,-,-,-,-
3325TR001C,29/1/2015,GSP3,-,-,-,-,-,-,-,-
3325TR001C,25/11/2013,GSP3,-,-,-,-,-,-,-,-
,,,,,,,,,,
3328TR006A,23/12/2022,GSP3,-,-,-,-,-,-,-,-
3328TR006A,22/12/2022,GSP3,-,-,-,-,-,-,-,-
3328TR006A,21/12/2022,GSP3,0,11823,47378,0,5,1,10,872
3328TR006A,24/12/2021,GSP3,-,-,-,-,-,-,-,-
3328TR006A,25/11/2021,GSP3,-,-,-,-,-,-,-,-
3328TR006A,24/11/2021,GSP3,29,14267,49877,0,4,1,9,738
3328TR006A,23/11/2021,GSP3,-,-,-,-,-,-,-,-
3328TR006A,22/11/2021,GSP3,-,-,-,-,-,-,-,-
3328TR006A,21/11/2021,GSP3,-,-,-,-,-,-,-,-
3328TR006A,20/11/2021,GSP3,-,-,-,-,-,-,-,-
3328TR006A,15/7/2021,GSP3,-,-,-,-,-,-,-,-
3328TR006A,23/11/2020,GSP3,0,10392,26779,0,3,1,4,198
3328TR006A,22/11/2020,GSP3,-,-,-,-,-,-,-,-
3328TR006A,28/11/2019,GSP3,0,7205,27311,0,3,1,5,306
3328TR006A,13/11/2019,GSP3,-,-,-,-,-,-,-,-
3328TR006A,11/12/2018,GSP3,0,29042,59662,0,0,0,0,86
3328TR006A,25/12/2017,GSP3,-,-,-,-,-,-,-,-
3328TR006A,15/12/2017,GSP3,-,-,-,-,-,-,-,-
3328TR006A,14/12/2017,GSP3,0,9680,31277,0,0,0,0,672
3328TR006A,14/12/2016,GSP3,-,-,-,-,-,-,-,-
3328TR006A,23/11/2015,GSP3,-,-,-,-,-,-,-,-
3328TR006A,29/1/2015,GSP3,-,-,-,-,-,-,-,-
3328TR006A,25/11/2013,GSP3,-,-,-,-,-,-,-,-
,,,,,,,,,,
3328TR006B,23/12/2022,GSP3,-,-,-,-,-,-,-,-
3328TR006B,22/12/2022,GSP3,-,-,-,-,-,-,-,-
3328TR006B,21/12/2022,GSP3,21,13481,54721,0,7,0,10,850
3328TR006B,24/12/2021,GSP3,-,-,-,-,-,-,-,-
3328TR006B,25/11/2021,GSP3,-,-,-,-,-,-,-,-
3328TR006B,24/11/2021,GSP3,37,13077,54191,0,7,1,10,738
3328TR006B,23/11/2021,GSP3,-,-,-,-,-,-,-,-
3328TR006B,22/11/2021,GSP3,-,-,-,-,-,-,-,-
3328TR006B,21/11/2021,GSP3,-,-,-,-,-,-,-,-
3328TR006B,20/11/2021,GSP3,-,-,-,-,-,-,-,-
3328TR006B,15/7/2021,GSP3,-,-,-,-,-,-,-,-
3328TR006B,23/11/2020,GSP3,0,9795,25933,0,4,1,4,215
3328TR006B,22/11/2020,GSP3,-,-,-,-,-,-,-,-
3328TR006B,28/11/2019,GSP3,0,4869,21496,0,4,1,5,339
3328TR006B,13/11/2019,GSP3,-,-,-,-,-,-,-,-
3328TR006B,11/12/2018,GSP3,0,10402,41309,0,0,3,7,850
3328TR006B,25/12/2017,GSP3,-,-,-,-,-,-,-,-
3328TR006B,15/12/2017,GSP3,-,-,-,-,-,-,-,-
3328TR006B,14/12/2017,GSP3,0,9619,37140,0,0,0,0,670
3328TR006B,14/12/2016,GSP3,-,-,-,-,-,-,-,-
3328TR006B,23/11/2015,GSP3,-,-,-,-,-,-,-,-
3328TR006B,29/1/2015,GSP3,-,-,-,-,-,-,-,-
3328TR006B,25/11/2013,GSP3,-,-,-,-,-,-,-,-
,,,,,,,,,,
3525TR01A,23/12/2022,GSP5,-,-,-,-,-,-,-,-
3525TR01A,22/12/2022,GSP5,12,18999,63862,0,79,3,11,518
3525TR01A,21/12/2022,GSP5,-,-,-,-,-,-,-,-
3525TR01A,24/12/2021,GSP5,-,-,-,-,-,-,-,-
3525TR01A,25/11/2021,GSP5,-,-,-,-,-,-,-,-
3525TR01A,24/11/2021,GSP5,-,-,-,-,-,-,-,-
3525TR01A,23/11/2021,GSP5,-,-,-,-,-,-,-,-
3525TR01A,22/11/2021,GSP5,8,21024,59474,0,53,2,9,321
3525TR01A,21/11/2021,GSP5,-,-,-,-,-,-,-,-
3525TR01A,20/11/2021,GSP5,-,-,-,-,-,-,-,-
3525TR01A,15/7/2021,GSP5,-,-,-,-,-,-,-,-
3525TR01A,23/11/2020,GSP5,3,8110,25560,0,25,1,3,162
3525TR01A,22/11/2020,GSP5,-,-,-,-,-,-,-,-
3525TR01A,28/11/2019,GSP5,3,7111,24458,0,59,3,6,211
3525TR01A,13/11/2019,GSP5,-,-,-,-,-,-,-,-
3525TR01A,11/12/2018,GSP5,0,20574,59005,0,51,0,3,414
3525TR01A,25/12/2017,GSP5,-,-,-,-,-,-,-,-
3525TR01A,15/12/2017,GSP5,-,-,-,-,-,-,-,-
3525TR01A,14/12/2017,GSP5,0,17844,47974,0,44,0,0,371
3525TR01A,14/12/2016,GSP5,-,-,-,-,-,-,-,-
3525TR01A,23/11/2015,GSP5,-,-,-,-,-,-,-,-
3525TR01A,29/1/2015,GSP5,-,-,-,-,-,-,-,-
3525TR01A,25/11/2013,GSP5,-,-,-,-,-,-,-,-
,,,,,,,,,,
3525TR01B,23/12/2022,GSP5,-,-,-,-,-,-,-,-
3525TR01B,22/12/2022,GSP5,11,17881,59017,0,53,0,5,486
3525TR01B,21/12/2022,GSP5,-,-,-,-,-,-,-,-
3525TR01B,24/12/2021,GSP5,-,-,-,-,-,-,-,-
3525TR01B,25/11/2021,GSP5,-,-,-,-,-,-,-,-
3525TR01B,24/11/2021,GSP5,-,-,-,-,-,-,-,-
3525TR01B,23/11/2021,GSP5,-,-,-,-,-,-,-,-
3525TR01B,22/11/2021,GSP5,4,22070,64357,0,39,0,4,368
3525TR01B,21/11/2021,GSP5,-,-,-,-,-,-,-,-
3525TR01B,20/11/2021,GSP5,-,-,-,-,-,-,-,-
3525TR01B,15/7/2021,GSP5,-,-,-,-,-,-,-,-
3525TR01B,23/11/2020,GSP5,0,10733,29067,0,20,0,2,135
3525TR01B,22/11/2020,GSP5,-,-,-,-,-,-,-,-
3525TR01B,28/11/2019,GSP5,2,8307,29292,0,43,1,3,209
3525TR01B,13/11/2019,GSP5,-,-,-,-,-,-,-,-
3525TR01B,11/12/2018,GSP5,0,20290,58150,0,46,0,2,441
3525TR01B,25/12/2017,GSP5,-,-,-,-,-,-,-,-
3525TR01B,15/12/2017,GSP5,-,-,-,-,-,-,-,-
3525TR01B,14/12/2017,GSP5,0,20559,55324,0,35,0,0,370
3525TR01B,14/12/2016,GSP5,-,-,-,-,-,-,-,-
3525TR01B,23/11/2015,GSP5,-,-,-,-,-,-,-,-
3525TR01B,29/1/2015,GSP5,-,-,-,-,-,-,-,-
3525TR01B,25/11/2013,GSP5,-,-,-,-,-,-,-,-
,,,,,,,,,,
3525TR02,23/12/2022,GSP5,-,-,-,-,-,-,-,-
3525TR02,22/12/2022,GSP5,0,18263,59505,0,102,0,4,393
3525TR02,21/12/2022,GSP5,-,-,-,-,-,-,-,-
3525TR02,24/12/2021,GSP5,-,-,-,-,-,-,-,-
3525TR02,25/11/2021,GSP5,-,-,-,-,-,-,-,-
3525TR02,24/11/2021,GSP5,-,-,-,-,-,-,-,-
3525TR02,23/11/2021,GSP5,-,-,-,-,-,-,-,-
3525TR02,22/11/2021,GSP5,3,25028,64392,0,70,1,5,270
3525TR02,21/11/2021,GSP5,-,-,-,-,-,-,-,-
3525TR02,20/11/2021,GSP5,-,-,-,-,-,-,-,-
3525TR02,15/7/2021,GSP5,-,-,-,-,-,-,-,-
3525TR02,23/11/2020,GSP5,0,11569,29453,0,38,0,2,125
3525TR02,22/11/2020,GSP5,-,-,-,-,-,-,-,-
3525TR02,28/11/2019,GSP5,0,7527,22165,0,73,1,3,114
3525TR02,13/11/2019,GSP5,-,-,-,-,-,-,-,-
3525TR02,11/12/2018,GSP5,0,23123,59327,0,93,0,2,325
3525TR02,25/12/2017,GSP5,-,-,-,-,-,-,-,-
3525TR02,15/12/2017,GSP5,-,-,-,-,-,-,-,-
3525TR02,14/12/2017,GSP5,0,19653,50070,0,83,0,0,297
3525TR02,14/12/2016,GSP5,-,-,-,-,-,-,-,-
3525TR02,23/11/2015,GSP5,-,-,-,-,-,-,-,-
3525TR02,29/1/2015,GSP5,-,-,-,-,-,-,-,-
3525TR02,25/11/2013,GSP5,-,-,-,-,-,-,-,-
,,,,,,,,,,
3528TR01A,23/12/2022,GSP5,-,-,-,-,-,-,-,-
3528TR01A,22/12/2022,GSP5,0,16411,58185,0,50,0,5,496
3528TR01A,21/12/2022,GSP5,-,-,-,-,-,-,-,-
3528TR01A,24/12/2021,GSP5,-,-,-,-,-,-,-,-
3528TR01A,25/11/2021,GSP5,-,-,-,-,-,-,-,-
3528TR01A,24/11/2021,GSP5,-,-,-,-,-,-,-,-
3528TR01A,23/11/2021,GSP5,-,-,-,-,-,-,-,-
3528TR01A,22/11/2021,GSP5,6,17733,60296,0,36,0,5,402
3528TR01A,21/11/2021,GSP5,-,-,-,-,-,-,-,-
3528TR01A,20/11/2021,GSP5,-,-,-,-,-,-,-,-
3528TR01A,15/7/2021,GSP5,-,-,-,-,-,-,-,-
3528TR01A,23/11/2020,GSP5,0,8463,25827,0,20,0,2,153
3528TR01A,22/11/2020,GSP5,-,-,-,-,-,-,-,-
3528TR01A,28/11/2019,GSP5,3,5501,23824,0,47,0,3,250
3528TR01A,13/11/2019,GSP5,-,-,-,-,-,-,-,-
3528TR01A,11/12/2018,GSP5,0,17015,57828,2,50,0,0,515
3528TR01A,25/12/2017,GSP5,-,-,-,-,-,-,-,-
3528TR01A,15/12/2017,GSP5,-,-,-,-,-,-,-,-
3528TR01A,14/12/2017,GSP5,0,20061,56590,0,41,0,0,376
3528TR01A,14/12/2016,GSP5,-,-,-,-,-,-,-,-
3528TR01A,23/11/2015,GSP5,-,-,-,-,-,-,-,-
3528TR01A,29/1/2015,GSP5,-,-,-,-,-,-,-,-
3528TR01A,25/11/2013,GSP5,-,-,-,-,-,-,-,-
,,,,,,,,,,
3528TR01B,23/12/2022,GSP5,-,-,-,-,-,-,-,-
3528TR01B,22/12/2022,GSP5,0,14325,58771,0,49,0,5,512
3528TR01B,21/12/2022,GSP5,-,-,-,-,-,-,-,-
3528TR01B,24/12/2021,GSP5,-,-,-,-,-,-,-,-
3528TR01B,25/11/2021,GSP5,-,-,-,-,-,-,-,-
3528TR01B,24/11/2021,GSP5,-,-,-,-,-,-,-,-
3528TR01B,23/11/2021,GSP5,-,-,-,-,-,-,-,-
3528TR01B,22/11/2021,GSP5,8,18314,58101,0,36,0,4,370
3528TR01B,21/11/2021,GSP5,-,-,-,-,-,-,-,-
3528TR01B,20/11/2021,GSP5,-,-,-,-,-,-,-,-
3528TR01B,15/7/2021,GSP5,-,-,-,-,-,-,-,-
3528TR01B,23/11/2020,GSP5,4,10212,29547,0,20,0,2,144
3528TR01B,22/11/2020,GSP5,-,-,-,-,-,-,-,-
3528TR01B,28/11/2019,GSP5,2,5781,22644,0,39,1,3,232
3528TR01B,13/11/2019,GSP5,-,-,-,-,-,-,-,-
3528TR01B,11/12/2018,GSP5,0,18556,60581,0,40,0,0,514
3528TR01B,25/12/2017,GSP5,-,-,-,-,-,-,-,-
3528TR01B,15/12/2017,GSP5,0,19376,55406,0,28,0,0,311
3528TR01B,14/12/2017,GSP5,-,-,-,-,-,-,-,-
3528TR01B,14/12/2016,GSP5,-,-,-,-,-,-,-,-
3528TR01B,23/11/2015,GSP5,-,-,-,-,-,-,-,-
3528TR01B,29/1/2015,GSP5,-,-,-,-,-,-,-,-
3528TR01B,25/11/2013,GSP5,-,-,-,-,-,-,-,-
,,,,,,,,,,
3528TR02A,23/12/2022,GSP5,-,-,-,-,-,-,-,-
3528TR02A,22/12/2022,GSP5,0,19820,62326,0,45,0,4,478
3528TR02A,21/12/2022,GSP5,-,-,-,-,-,-,-,-
3528TR02A,24/12/2021,GSP5,-,-,-,-,-,-,-,-
3528TR02A,25/11/2021,GSP5,-,-,-,-,-,-,-,-
3528TR02A,24/11/2021,GSP5,-,-,-,-,-,-,-,-
3528TR02A,23/11/2021,GSP5,-,-,-,-,-,-,-,-
3528TR02A,22/11/2021,GSP5,6,19987,59761,0,35,0,4,358
3528TR02A,21/11/2021,GSP5,-,-,-,-,-,-,-,-
3528TR02A,20/11/2021,GSP5,-,-,-,-,-,-,-,-
3528TR02A,15/7/2021,GSP5,-,-,-,-,-,-,-,-
3528TR02A,23/11/2020,GSP5,0,10866,29614,0,18,0,2,134
3528TR02A,22/11/2020,GSP5,-,-,-,-,-,-,-,-
3528TR02A,28/11/2019,GSP5,2,6973,24554,0,33,0,2,210
3528TR02A,13/11/2019,GSP5,-,-,-,-,-,-,-,-
3528TR02A,11/12/2018,GSP5,0,18499,54488,2,35,0,0,443
3528TR02A,25/12/2017,GSP5,-,-,-,-,-,-,-,-
3528TR02A,15/12/2017,GSP5,0,17591,48468,0,24,0,0,319
3528TR02A,14/12/2017,GSP5,-,-,-,-,-,-,-,-
3528TR02A,14/12/2016,GSP5,-,-,-,-,-,-,-,-
3528TR02A,23/11/2015,GSP5,-,-,-,-,-,-,-,-
3528TR02A,29/1/2015,GSP5,-,-,-,-,-,-,-,-
3528TR02A,25/11/2013,GSP5,-,-,-,-,-,-,-,-
,,,,,,,,,,
3528TR02B,23/12/2022,GSP5,-,-,-,-,-,-,-,-
3528TR02B,22/12/2022,GSP5,0,18055,55429,0,46,0,3,412
3528TR02B,21/12/2022,GSP5,-,-,-,-,-,-,-,-
3528TR02B,24/12/2021,GSP5,-,-,-,-,-,-,-,-
3528TR02B,25/11/2021,GSP5,-,-,-,-,-,-,-,-
3528TR02B,24/11/2021,GSP5,-,-,-,-,-,-,-,-
3528TR02B,23/11/2021,GSP5,-,-,-,-,-,-,-,-
3528TR02B,22/11/2021,GSP5,6,20890,61312,0,38,0,4,354
3528TR02B,21/11/2021,GSP5,-,-,-,-,-,-,-,-
3528TR02B,20/11/2021,GSP5,-,-,-,-,-,-,-,-
3528TR02B,15/7/2021,GSP5,-,-,-,-,-,-,-,-
3528TR02B,23/11/2020,GSP5,0,11539,31151,0,21,0,2,142
3528TR02B,22/11/2020,GSP5,-,-,-,-,-,-,-,-
3528TR02B,28/11/2019,GSP5,2,6616,24490,0,40,0,2,202
3528TR02B,13/11/2019,GSP5,-,-,-,-,-,-,-,-
3528TR02B,11/12/2018,GSP5,0,20399,59959,0,42,3,0,440
3528TR02B,25/12/2017,GSP5,-,-,-,-,-,-,-,-
3528TR02B,15/12/2017,GSP5,0,21701,60525,0,31,0,0,359
3528TR02B,14/12/2017,GSP5,-,-,-,-,-,-,-,-
3528TR02B,14/12/2016,GSP5,-,-,-,-,-,-,-,-
3528TR02B,23/11/2015,GSP5,-,-,-,-,-,-,-,-
3528TR02B,29/1/2015,GSP5,-,-,-,-,-,-,-,-
3528TR02B,25/11/2013,GSP5,-,-,-,-,-,-,-,-
,,,,,,,,,,
3528TR03,23/12/2022,GSP5,-,-,-,-,-,-,-,-
3528TR03,22/12/2022,GSP5,30,26047,67379,0,16,5,5,186
3528TR03,21/12/2022,GSP5,-,-,-,-,-,-,-,-
3528TR03,24/12/2021,GSP5,-,-,-,-,-,-,-,-
3528TR03,25/11/2021,GSP5,-,-,-,-,-,-,-,-
3528TR03,24/11/2021,GSP5,-,-,-,-,-,-,-,-
3528TR03,23/11/2021,GSP5,-,-,-,-,-,-,-,-
3528TR03,22/11/2021,GSP5,17,26707,68474,0,15,6,6,175
3528TR03,21/11/2021,GSP5,-,-,-,-,-,-,-,-
3528TR03,20/11/2021,GSP5,-,-,-,-,-,-,-,-
3528TR03,15/7/2021,GSP5,-,-,-,-,-,-,-,-
3528TR03,23/11/2020,GSP5,6,13970,35870,0,8,2,2,74
3528TR03,22/11/2020,GSP5,-,-,-,-,-,-,-,-
3528TR03,28/11/2019,GSP5,9,8007,22932,0,15,3,3,91
3528TR03,13/11/2019,GSP5,-,-,-,-,-,-,-,-
3528TR03,11/12/2018,GSP5,17,24211,59713,0,13,0,0,197
3528TR03,25/12/2017,GSP5,-,-,-,-,-,-,-,-
3528TR03,15/12/2017,GSP5,0,11000,24784,0,8,0,0,42
3528TR03,14/12/2017,GSP5,-,-,-,-,-,-,-,-
3528TR03,14/12/2016,GSP5,-,-,-,-,-,-,-,-
3528TR03,23/11/2015,GSP5,-,-,-,-,-,-,-,-
3528TR03,29/1/2015,GSP5,-,-,-,-,-,-,-,-
3528TR03,25/11/2013,GSP5,-,-,-,-,-,-,-,-
,,,,,,,,,,
3528TR03A,23/12/2022,GSP5,-,-,-,-,-,-,-,-
3528TR03A,22/12/2022,GSP5,16,14729,62317,0,47,0,6,594
3528TR03A,21/12/2022,GSP5,-,-,-,-,-,-,-,-
3528TR03A,24/12/2021,GSP5,-,-,-,-,-,-,-,-
3528TR03A,25/11/2021,GSP5,-,-,-,-,-,-,-,-
3528TR03A,24/11/2021,GSP5,-,-,-,-,-,-,-,-
3528TR03A,23/11/2021,GSP5,-,-,-,-,-,-,-,-
3528TR03A,22/11/2021,GSP5,5,17121,68666,0,38,0,6,489
3528TR03A,21/11/2021,GSP5,-,-,-,-,-,-,-,-
3528TR03A,20/11/2021,GSP5,-,-,-,-,-,-,-,-
3528TR03A,15/7/2021,GSP5,-,-,-,-,-,-,-,-
3528TR03A,23/11/2020,GSP5,2,9201,31705,0,20,0,2,204
3528TR03A,22/11/2020,GSP5,-,-,-,-,-,-,-,-
3528TR03A,28/11/2019,GSP5,2,5291,26238,0,36,0,3,261
3528TR03A,13/11/2019,GSP5,-,-,-,-,-,-,-,-
3528TR03A,11/12/2018,GSP5,0,12090,52205,0,35,0,0,548
3528TR03A,25/12/2017,GSP5,-,-,-,-,-,-,-,-
3528TR03A,15/12/2017,GSP5,0,15305,46001,0,14,0,0,211
3528TR03A,14/12/2017,GSP5,-,-,-,-,-,-,-,-
3528TR03A,14/12/2016,GSP5,-,-,-,-,-,-,-,-
3528TR03A,23/11/2015,GSP5,-,-,-,-,-,-,-,-
3528TR03A,29/1/2015,GSP5,-,-,-,-,-,-,-,-
3528TR03A,25/11/2013,GSP5,-,-,-,-,-,-,-,-
,,,,,,,,,,
3528TR03B,23/12/2022,GSP5,-,-,-,-,-,-,-,-
3528TR03B,22/12/2022,GSP5,12,13547,60862,0,37,0,5,567
3528TR03B,21/12/2022,GSP5,-,-,-,-,-,-,-,-
3528TR03B,24/12/2021,GSP5,-,-,-,-,-,-,-,-
3528TR03B,25/11/2021,GSP5,-,-,-,-,-,-,-,-
3528TR03B,24/11/2021,GSP5,-,-,-,-,-,-,-,-
3528TR03B,23/11/2021,GSP5,-,-,-,-,-,-,-,-
3528TR03B,22/11/2021,GSP5,5,17470,63315,0,33,0,6,437
3528TR03B,21/11/2021,GSP5,-,-,-,-,-,-,-,-
3528TR03B,20/11/2021,GSP5,-,-,-,-,-,-,-,-
3528TR03B,15/7/2021,GSP5,-,-,-,-,-,-,-,-
3528TR03B,23/11/2020,GSP5,2,10066,31740,0,18,0,2,184
3528TR03B,22/11/2020,GSP5,-,-,-,-,-,-,-,-
3528TR03B,28/11/2019,GSP5,3,5754,27482,0,35,0,3,274
3528TR03B,13/11/2019,GSP5,-,-,-,-,-,-,-,-
3528TR03B,11/12/2018,GSP5,0,16735,57734,0,31,0,0,448
3528TR03B,25/12/2017,GSP5,-,-,-,-,-,-,-,-
3528TR03B,15/12/2017,GSP5,0,14474,40527,0,16,0,0,209
3528TR03B,14/12/2017,GSP5,-,-,-,-,-,-,-,-
3528TR03B,14/12/2016,GSP5,-,-,-,-,-,-,-,-
3528TR03B,23/11/2015,GSP5,-,-,-,-,-,-,-,-
3528TR03B,29/1/2015,GSP5,-,-,-,-,-,-,-,-
3528TR03B,25/11/2013,GSP5,-,-,-,-,-,-,-,-
,,,,,,,,,,
3528TR04,23/12/2022,GSP5,-,-,-,-,-,-,-,-
3528TR04,22/12/2022,GSP5,13,22380,60283,0,65,1,6,262
3528TR04,21/12/2022,GSP5,-,-,-,-,-,-,-,-
3528TR04,24/12/2021,GSP5,-,-,-,-,-,-,-,-
3528TR04,25/11/2021,GSP5,-,-,-,-,-,-,-,-
3528TR04,24/11/2021,GSP5,-,-,-,-,-,-,-,-
3528TR04,23/11/2021,GSP5,-,-,-,-,-,-,-,-
3528TR04,22/11/2021,GSP5,6,25745,64796,0,53,1,6,203
3528TR04,21/11/2021,GSP5,-,-,-,-,-,-,-,-
3528TR04,20/11/2021,GSP5,-,-,-,-,-,-,-,-
3528TR04,15/7/2021,GSP5,-,-,-,-,-,-,-,-
3528TR04,23/11/2020,GSP5,7,8826,27134,0,29,0,3,120
3528TR04,22/11/2020,GSP5,-,-,-,-,-,-,-,-
3528TR04,28/11/2019,GSP5,4,8360,26704,0,64,2,4,118
3528TR04,13/11/2019,GSP5,-,-,-,-,-,-,-,-
3528TR04,11/12/2018,GSP5,0,23521,60080,0,73,0,0,253
3528TR04,25/12/2017,GSP5,-,-,-,-,-,-,-,-
3528TR04,15/12/2017,GSP5,-,-,-,-,-,-,-,-
3528TR04,14/12/2017,GSP5,0,23102,56856,0,58,0,4,234
3528TR04,14/12/2016,GSP5,-,-,-,-,-,-,-,-
3528TR04,23/11/2015,GSP5,-,-,-,-,-,-,-,-
3528TR04,29/1/2015,GSP5,-,-,-,-,-,-,-,-
3528TR04,25/11/2013,GSP5,-,-,-,-,-,-,-,-
,,,,,,,,,,
3528TR104,23/12/2022,GSP5,1398,20071,-,0,1,67,155,83
3528TR104,22/12/2022,GSP5,-,-,60283,-,-,-,-,-
3528TR104,21/12/2022,GSP5,-,-,-,-,-,-,-,-
3528TR104,24/12/2021,GSP5,-,-,-,-,-,-,-,-
3528TR104,25/11/2021,GSP5,-,-,-,-,-,-,-,-
3528TR104,24/11/2021,GSP5,-,-,-,-,-,-,-,-
3528TR104,23/11/2021,GSP5,-,-,-,-,-,-,-,-
3528TR104,22/11/2021,GSP5,-,-,64796,-,-,-,-,-
3528TR104,21/11/2021,GSP5,245,29334,-,0,1,1,9,24
3528TR104,20/11/2021,GSP5,-,-,-,-,-,-,-,-
3528TR104,15/7/2021,GSP5,-,-,-,-,-,-,-,-
3528TR104,23/11/2020,GSP5,-,-,27134,-,-,-,-,-
3528TR104,22/11/2020,GSP5,0,10894,-,0,7,3,5,137
3528TR104,28/11/2019,GSP5,-,-,26704,-,-,-,-,-
3528TR104,13/11/2019,GSP5,-,-,-,-,-,-,-,-
3528TR104,11/12/2018,GSP5,-,-,60080,-,-,-,-,-
3528TR104,25/12/2017,GSP5,-,-,-,-,-,-,-,-
3528TR104,15/12/2017,GSP5,-,-,-,-,-,-,-,-
3528TR104,14/12/2017,GSP5,-,-,56856,-,-,-,-,-
3528TR104,14/12/2016,GSP5,0,24025,-,0,0,0,0,9
3528TR104,23/11/2015,GSP5,0,26364,-,0,0,0,0,110
3528TR104,29/1/2015,GSP5,0,26791,-,0,0,0,0,66
3528TR104,25/11/2013,GSP5,-,-,-,-,-,-,-,-
,,,,,,,,,,
3528TR105,23/12/2022,GSP5,17306,9219,41473,0,2,862,2241,153
3528TR105,22/12/2022,GSP5,-,-,-,-,-,-,-,-
3528TR105,21/12/2022,GSP5,-,-,-,-,-,-,-,-
3528TR105,24/12/2021,GSP5,-,-,-,-,-,-,-,-
3528TR105,25/11/2021,GSP5,-,-,-,-,-,-,-,-
3528TR105,24/11/2021,GSP5,-,-,-,-,-,-,-,-
3528TR105,23/11/2021,GSP5,-,-,-,-,-,-,-,-
3528TR105,22/11/2021,GSP5,-,-,-,-,-,-,-,-
3528TR105,21/11/2021,GSP5,-,-,-,-,-,-,-,-
3528TR105,20/11/2021,GSP5,-,-,-,-,-,-,-,-
3528TR105,15/7/2021,GSP5,-,-,-,-,-,-,-,-
3528TR105,23/11/2020,GSP5,-,-,-,-,-,-,-,-
3528TR105,22/11/2020,GSP5,22,7943,29782,0,10,9,7,203
3528TR105,28/11/2019,GSP5,-,-,-,-,-,-,-,-
3528TR105,13/11/2019,GSP5,-,-,-,-,-,-,-,-
3528TR105,11/12/2018,GSP5,-,-,-,-,-,-,-,-
3528TR105,25/12/2017,GSP5,-,-,-,-,-,-,-,-
3528TR105,15/12/2017,GSP5,-,-,-,-,-,-,-,-
3528TR105,14/12/2017,GSP5,-,-,-,-,-,-,-,-
3528TR105,14/12/2016,GSP5,146,6154,62941,0,0,15,32,754
3528TR105,23/11/2015,GSP5,196,4245,60695,0,0,8,0,936
3528TR105,29/1/2015,GSP5,118,12079,63497,0,0,4,9,602
3528TR105,25/11/2013,GSP5,63,24844,60403,0,6,7,7,486
,,,,,,,,,,
3625TR01,23/12/2022,GSP6,-,-,-,-,-,-,-,-
3625TR01,22/12/2022,GSP6,0,5541,49658,0,6,3,14,457
3625TR01,21/12/2022,GSP6,-,-,-,-,-,-,-,-
3625TR01,24/12/2021,GSP6,-,-,-,-,-,-,-,-
3625TR01,25/11/2021,GSP6,-,-,-,-,-,-,-,-
3625TR01,24/11/2021,GSP6,-,-,-,-,-,-,-,-
3625TR01,23/11/2021,GSP6,-,-,-,-,-,-,-,-
3625TR01,22/11/2021,GSP6,-,-,-,-,-,-,-,-
3625TR01,21/11/2021,GSP6,2,10150,45148,0,4,3,10,250
3625TR01,20/11/2021,GSP6,-,-,-,-,-,-,-,-
3625TR01,15/7/2021,GSP6,-,-,-,-,-,-,-,-
3625TR01,23/11/2020,GSP6,0,3039,19165,0,4,2,7,164
3625TR01,22/11/2020,GSP6,-,-,-,-,-,-,-,-
3625TR01,28/11/2019,GSP6,0,4559,23606,0,4,3,7,165
3625TR01,13/11/2019,GSP6,-,-,-,-,-,-,-,-
3625TR01,11/12/2018,GSP6,0,8201,46295,0,0,0,0,456
3625TR01,25/12/2017,GSP6,-,-,-,-,-,-,-,-
3625TR01,15/12/2017,GSP6,0,6002,34818,0,0,0,10,429
3625TR01,14/12/2017,GSP6,-,-,-,-,-,-,-,-
3625TR01,14/12/2016,GSP6,-,-,-,-,-,-,-,-
3625TR01,23/11/2015,GSP6,-,-,-,-,-,-,-,-
3625TR01,29/1/2015,GSP6,-,-,-,-,-,-,-,-
3625TR01,25/11/2013,GSP6,-,-,-,-,-,-,-,-
,,,,,,,,,,
3628TR01A,23/12/2022,GSP6,-,-,-,-,-,-,-,-
3628TR01A,22/12/2022,GSP6,0,2409,36346,0,4,2,16,543
3628TR01A,21/12/2022,GSP6,-,-,-,-,-,-,-,-
3628TR01A,24/12/2021,GSP6,-,-,-,-,-,-,-,-
3628TR01A,25/11/2021,GSP6,6,8196,48400,0,4,3,15,421
3628TR01A,24/11/2021,GSP6,-,-,-,-,-,-,-,-
3628TR01A,23/11/2021,GSP6,-,-,-,-,-,-,-,-
3628TR01A,22/11/2021,GSP6,-,-,-,-,-,-,-,-
3628TR01A,21/11/2021,GSP6,1,14536,48324,0,3,3,11,226
3628TR01A,20/11/2021,GSP6,-,-,-,-,-,-,-,-
3628TR01A,15/7/2021,GSP6,-,-,-,-,-,-,-,-
3628TR01A,23/11/2020,GSP6,0,2677,18215,0,3,3,8,193
3628TR01A,22/11/2020,GSP6,-,-,-,-,-,-,-,-
3628TR01A,28/11/2019,GSP6,3,4522,24563,0,3,3,8,209
3628TR01A,13/11/2019,GSP6,-,-,-,-,-,-,-,-
3628TR01A,11/12/2018,GSP6,0,5562,34818,0,0,0,12,493
3628TR01A,25/12/2017,GSP6,-,-,-,-,-,-,-,-
3628TR01A,15/12/2017,GSP6,-,-,-,-,-,-,-,-
3628TR01A,14/12/2017,GSP6,-,-,-,-,-,-,-,-
3628TR01A,14/12/2016,GSP6,-,-,-,-,-,-,-,-
3628TR01A,23/11/2015,GSP6,-,-,-,-,-,-,-,-
3628TR01A,29/1/2015,GSP6,-,-,-,-,-,-,-,-
3628TR01A,25/11/2013,GSP6,-,-,-,-,-,-,-,-
,,,,,,,,,,
3628TR01B,23/12/2022,GSP6,-,-,-,-,-,-,-,-
3628TR01B,22/12/2022,GSP6,0,7688,50406,0,4,1,0,679
3628TR01B,21/12/2022,GSP6,-,-,-,-,-,-,-,-
3628TR01B,24/12/2021,GSP6,-,-,-,-,-,-,-,-
3628TR01B,25/11/2021,GSP6,0,8594,43704,0,3,2,11,583
3628TR01B,24/11/2021,GSP6,-,-,-,-,-,-,-,-
3628TR01B,23/11/2021,GSP6,-,-,-,-,-,-,-,-
3628TR01B,22/11/2021,GSP6,-,-,-,-,-,-,-,-
3628TR01B,21/11/2021,GSP6,1,12991,44616,0,3,2,9,381
3628TR01B,20/11/2021,GSP6,-,-,-,-,-,-,-,-
3628TR01B,15/7/2021,GSP6,-,-,-,-,-,-,-,-
3628TR01B,23/11/2020,GSP6,0,4076,19477,0,2,1,5,260
3628TR01B,22/11/2020,GSP6,-,-,-,-,-,-,-,-
3628TR01B,28/11/2019,GSP6,0,4337,22116,0,2,2,5,279
3628TR01B,13/11/2019,GSP6,-,-,-,-,-,-,-,-
3628TR01B,11/12/2018,GSP6,0,8593,41422,0,0,0,7,598
3628TR01B,25/12/2017,GSP6,-,-,-,-,-,-,-,-
3628TR01B,15/12/2017,GSP6,-,-,-,-,-,-,-,-
3628TR01B,14/12/2017,GSP6,-,-,-,-,-,-,-,-
3628TR01B,14/12/2016,GSP6,-,-,-,-,-,-,-,-
3628TR01B,23/11/2015,GSP6,-,-,-,-,-,-,-,-
3628TR01B,29/1/2015,GSP6,-,-,-,-,-,-,-,-
3628TR01B,25/11/2013,GSP6,-,-,-,-,-,-,-,-
,,,,,,,,,,
3628TR02A,23/12/2022,GSP6,-,-,-,-,-,-,-,-
3628TR02A,22/12/2022,GSP6,0,15018,53659,0,7,0,5,440
3628TR02A,21/12/2022,GSP6,-,-,-,-,-,-,-,-
3628TR02A,24/12/2021,GSP6,-,-,-,-,-,-,-,-
3628TR02A,25/11/2021,GSP6,0,17802,53758,0,4,0,6,259
3628TR02A,24/11/2021,GSP6,-,-,-,-,-,-,-,-
3628TR02A,23/11/2021,GSP6,-,-,-,-,-,-,-,-
3628TR02A,22/11/2021,GSP6,-,-,-,-,-,-,-,-
3628TR02A,21/11/2021,GSP6,-,-,-,-,-,-,-,-
3628TR02A,20/11/2021,GSP6,-,-,-,-,-,-,-,-
3628TR02A,15/7/2021,GSP6,-,-,-,-,-,-,-,-
3628TR02A,23/11/2020,GSP6,0,5645,22086,0,5,1,4,266
3628TR02A,22/11/2020,GSP6,-,-,-,-,-,-,-,-
3628TR02A,28/11/2019,GSP6,2,4793,20468,0,4,1,4,272
3628TR02A,13/11/2019,GSP6,-,-,-,-,-,-,-,-
3628TR02A,11/12/2018,GSP6,0,12799,47077,0,0,0,6,607
3628TR02A,25/12/2017,GSP6,-,-,-,-,-,-,-,-
3628TR02A,15/12/2017,GSP6,0,9817,33848,0,0,0,5,404
3628TR02A,14/12/2017,GSP6,-,-,-,-,-,-,-,-
3628TR02A,14/12/2016,GSP6,-,-,-,-,-,-,-,-
3628TR02A,23/11/2015,GSP6,-,-,-,-,-,-,-,-
3628TR02A,29/1/2015,GSP6,-,-,-,-,-,-,-,-
3628TR02A,25/11/2013,GSP6,-,-,-,-,-,-,-,-
,,,,,,,,,,
3628TR02B,23/12/2022,GSP6,-,-,-,-,-,-,-,-
3628TR02B,22/12/2022,GSP6,0,13728,53211,0,10,0,6,494
3628TR02B,21/12/2022,GSP6,-,-,-,-,-,-,-,-
3628TR02B,24/12/2021,GSP6,-,-,-,-,-,-,-,-
3628TR02B,25/11/2021,GSP6,0,19641,60077,0,5,0,6,294
3628TR02B,24/11/2021,GSP6,-,-,-,-,-,-,-,-
3628TR02B,23/11/2021,GSP6,-,-,-,-,-,-,-,-
3628TR02B,22/11/2021,GSP6,-,-,-,-,-,-,-,-
3628TR02B,21/11/2021,GSP6,-,-,-,-,-,-,-,-
3628TR02B,20/11/2021,GSP6,-,-,-,-,-,-,-,-
3628TR02B,15/7/2021,GSP6,-,-,-,-,-,-,-,-
3628TR02B,23/11/2020,GSP6,0,6880,28091,0,7,1,4,317
3628TR02B,22/11/2020,GSP6,-,-,-,-,-,-,-,-
3628TR02B,28/11/2019,GSP6,2,5417,22662,0,6,1,4,248
3628TR02B,13/11/2019,GSP6,-,-,-,-,-,-,-,-
3628TR02B,11/12/2018,GSP6,0,13257,49889,0,0,0,5,555
3628TR02B,25/12/2017,GSP6,-,-,-,-,-,-,-,-
3628TR02B,15/12/2017,GSP6,0,10205,36124,0,0,0,0,361
3628TR02B,14/12/2017,GSP6,-,-,-,-,-,-,-,-
3628TR02B,14/12/2016,GSP6,-,-,-,-,-,-,-,-
3628TR02B,23/11/2015,GSP6,-,-,-,-,-,-,-,-
3628TR02B,29/1/2015,GSP6,-,-,-,-,-,-,-,-
3628TR02B,25/11/2013,GSP6,-,-,-,-,-,-,-,-
,,,,,,,,,,
3628TR03A,23/12/2022,GSP6,-,-,-,-,-,-,-,-
3628TR03A,22/12/2022,GSP6,0,10393,65073,0,16,1,8,743
3628TR03A,21/12/2022,GSP6,-,-,-,-,-,-,-,-
3628TR03A,24/12/2021,GSP6,-,-,-,-,-,-,-,-
3628TR03A,25/11/2021,GSP6,0,18607,73083,0,9,1,7,453
3628TR03A,24/11/2021,GSP6,-,-,-,-,-,-,-,-
3628TR03A,23/11/2021,GSP6,-,-,-,-,-,-,-,-
3628TR03A,22/11/2021,GSP6,-,-,-,-,-,-,-,-
3628TR03A,21/11/2021,GSP6,-,-,-,-,-,-,-,-
3628TR03A,20/11/2021,GSP6,-,-,-,-,-,-,-,-
3628TR03A,15/7/2021,GSP6,-,-,-,-,-,-,-,-
3628TR03A,23/11/2020,GSP6,0,5367,26319,0,8,1,6,324
3628TR03A,22/11/2020,GSP6,-,-,-,-,-,-,-,-
3628TR03A,28/11/2019,GSP6,2,4897,27289,0,8,1,5,317
3628TR03A,13/11/2019,GSP6,-,-,-,-,-,-,-,-
3628TR03A,11/12/2018,GSP6,0,9094,45386,0,0,0,7,701
3628TR03A,25/12/2017,GSP6,-,-,-,-,-,-,-,-
3628TR03A,15/12/2017,GSP6,0,10766,42225,0,0,0,0,372
3628TR03A,14/12/2017,GSP6,-,-,-,-,-,-,-,-
3628TR03A,14/12/2016,GSP6,-,-,-,-,-,-,-,-
3628TR03A,23/11/2015,GSP6,-,-,-,-,-,-,-,-
3628TR03A,29/1/2015,GSP6,-,-,-,-,-,-,-,-
3628TR03A,25/11/2013,GSP6,-,-,-,-,-,-,-,-
,,,,,,,,,,
3628TR03B,23/12/2022,GSP6,-,-,-,-,-,-,-,-
3628TR03B,22/12/2022,GSP6,0,9694,53544,0,12,2,10,583
3628TR03B,21/12/2022,GSP6,-,-,-,-,-,-,-,-
3628TR03B,24/12/2021,GSP6,-,-,-,-,-,-,-,-
3628TR03B,25/11/2021,GSP6,0,18511,63463,0,6,1,10,343
3628TR03B,24/11/2021,GSP6,-,-,-,-,-,-,-,-
3628TR03B,23/11/2021,GSP6,-,-,-,-,-,-,-,-
3628TR03B,22/11/2021,GSP6,-,-,-,-,-,-,-,-
3628TR03B,21/11/2021,GSP6,-,-,-,-,-,-,-,-
3628TR03B,20/11/2021,GSP6,-,-,-,-,-,-,-,-
3628TR03B,15/7/2021,GSP6,-,-,-,-,-,-,-,-
3628TR03B,23/11/2020,GSP6,0,4800,26177,0,6,2,9,313
3628TR03B,22/11/2020,GSP6,-,-,-,-,-,-,-,-
3628TR03B,28/11/2019,GSP6,0,5311,29503,0,6,2,10,304
3628TR03B,13/11/2019,GSP6,-,-,-,-,-,-,-,-
3628TR03B,11/12/2018,GSP6,0,7234,49774,0,0,0,19,771
3628TR03B,25/12/2017,GSP6,-,-,-,-,-,-,-,-
3628TR03B,15/12/2017,GSP6,0,4234,34305,0,0,0,19,664
3628TR03B,14/12/2017,GSP6,-,-,-,-,-,-,-,-
3628TR03B,14/12/2016,GSP6,-,-,-,-,-,-,-,-
3628TR03B,23/11/2015,GSP6,-,-,-,-,-,-,-,-
3628TR03B,29/1/2015,GSP6,-,-,-,-,-,-,-,-
3628TR03B,25/11/2013,GSP6,-,-,-,-,-,-,-,-
,,,,,,,,,,
3628TR04A,23/12/2022,GSP6,-,-,-,-,-,-,-,-
3628TR04A,22/12/2022,GSP6,0,10723,47550,0,8,0,6,516
3628TR04A,21/12/2022,GSP6,-,-,-,-,-,-,-,-
3628TR04A,24/12/2021,GSP6,-,-,-,-,-,-,-,-
3628TR04A,25/11/2021,GSP6,0,20529,64602,0,5,0,6,320
3628TR04A,24/11/2021,GSP6,-,-,-,-,-,-,-,-
3628TR04A,23/11/2021,GSP6,-,-,-,-,-,-,-,-
3628TR04A,22/11/2021,GSP6,-,-,-,-,-,-,-,-
3628TR04A,21/11/2021,GSP6,-,-,-,-,-,-,-,-
3628TR04A,20/11/2021,GSP6,-,-,-,-,-,-,-,-
3628TR04A,15/7/2021,GSP6,-,-,-,-,-,-,-,-
3628TR04A,23/11/2020,GSP6,0,4475,18935,0,5,1,4,242
3628TR04A,22/11/2020,GSP6,-,-,-,-,-,-,-,-
3628TR04A,28/11/2019,GSP6,0,6307,27496,0,5,1,4,216
3628TR04A,13/11/2019,GSP6,-,-,-,-,-,-,-,-
3628TR04A,11/12/2018,GSP6,0,15859,52709,0,0,0,4,429
3628TR04A,25/12/2017,GSP6,-,-,-,-,-,-,-,-
3628TR04A,15/12/2017,GSP6,0,8402,25767,0,0,0,3,186
3628TR04A,14/12/2017,GSP6,-,-,-,-,-,-,-,-
3628TR04A,14/12/2016,GSP6,-,-,-,-,-,-,-,-
3628TR04A,23/11/2015,GSP6,-,-,-,-,-,-,-,-
3628TR04A,29/1/2015,GSP6,-,-,-,-,-,-,-,-
3628TR04A,25/11/2013,GSP6,-,-,-,-,-,-,-,-
,,,,,,,,,,
3628TR04B,23/12/2022,GSP6,-,-,-,-,-,-,-,-
3628TR04B,22/12/2022,GSP6,0,14295,61357,0,13,0,5,526
3628TR04B,21/12/2022,GSP6,-,-,-,-,-,-,-,-
3628TR04B,24/12/2021,GSP6,-,-,-,-,-,-,-,-
3628TR04B,25/11/2021,GSP6,0,16545,52805,0,8,0,5,291
3628TR04B,24/11/2021,GSP6,-,-,-,-,-,-,-,-
3628TR04B,23/11/2021,GSP6,-,-,-,-,-,-,-,-
3628TR04B,22/11/2021,GSP6,-,-,-,-,-,-,-,-
3628TR04B,21/11/2021,GSP6,-,-,-,-,-,-,-,-
3628TR04B,20/11/2021,GSP6,-,-,-,-,-,-,-,-
3628TR04B,15/7/2021,GSP6,-,-,-,-,-,-,-,-
3628TR04B,23/11/2020,GSP6,0,6151,21607,0,10,0,4,278
3628TR04B,22/11/2020,GSP6,-,-,-,-,-,-,-,-
3628TR04B,28/11/2019,GSP6,0,6248,28949,0,9,1,4,256
3628TR04B,13/11/2019,GSP6,-,-,-,-,-,-,-,-
3628TR04B,11/12/2018,GSP6,0,14443,52266,0,3,0,3,414
3628TR04B,25/12/2017,GSP6,-,-,-,-,-,-,-,-
3628TR04B,15/12/2017,GSP6,0,11499,32266,0,0,0,0,142
3628TR04B,14/12/2017,GSP6,-,-,-,-,-,-,-,-
3628TR04B,14/12/2016,GSP6,-,-,-,-,-,-,-,-
3628TR04B,23/11/2015,GSP6,-,-,-,-,-,-,-,-
3628TR04B,29/1/2015,GSP6,-,-,-,-,-,-,-,-
3628TR04B,25/11/2013,GSP6,-,-,-,-,-,-,-,-
,,,,,,,,,,
3628TR05A,23/12/2022,GSP6,-,-,-,-,-,-,-,-
3628TR05A,22/12/2022,GSP6,0,17234,59824,0,12,1,8,510
3628TR05A,21/12/2022,GSP6,-,-,-,-,-,-,-,-
3628TR05A,24/12/2021,GSP6,-,-,-,-,-,-,-,-
3628TR05A,25/11/2021,GSP6,0,18428,57364,0,7,1,7,302
3628TR05A,24/11/2021,GSP6,-,-,-,-,-,-,-,-
3628TR05A,23/11/2021,GSP6,-,-,-,-,-,-,-,-
3628TR05A,22/11/2021,GSP6,-,-,-,-,-,-,-,-
3628TR05A,21/11/2021,GSP6,-,-,-,-,-,-,-,-
3628TR05A,20/11/2021,GSP6,-,-,-,-,-,-,-,-
3628TR05A,15/7/2021,GSP6,-,-,-,-,-,-,-,-
3628TR05A,23/11/2020,GSP6,0,5829,23377,0,10,1,7,300
3628TR05A,22/11/2020,GSP6,-,-,-,-,-,-,-,-
3628TR05A,28/11/2019,GSP6,0,6426,28953,0,9,2,7,280
3628TR05A,13/11/2019,GSP6,-,-,-,-,-,-,-,-
3628TR05A,11/12/2018,GSP6,0,12236,48220,0,6,0,10,552
3628TR05A,25/12/2017,GSP6,-,-,-,-,-,-,-,-
3628TR05A,15/12/2017,GSP6,0,13897,42369,0,5,0,7,468
3628TR05A,14/12/2017,GSP6,-,-,-,-,-,-,-,-
3628TR05A,14/12/2016,GSP6,-,-,-,-,-,-,-,-
3628TR05A,23/11/2015,GSP6,-,-,-,-,-,-,-,-
3628TR05A,29/1/2015,GSP6,-,-,-,-,-,-,-,-
3628TR05A,25/11/2013,GSP6,-,-,-,-,-,-,-,-
,,,,,,,,,,
3628TR05B,23/12/2022,GSP6,-,-,-,-,-,-,-,-
3628TR05B,22/12/2022,GSP6,0,14598,52811,0,9,0,5,442
3628TR05B,21/12/2022,GSP6,-,-,-,-,-,-,-,-
3628TR05B,24/12/2021,GSP6,-,-,-,-,-,-,-,-
3628TR05B,25/11/2021,GSP6,0,21179,62644,0,5,0,5,222
3628TR05B,24/11/2021,GSP6,-,-,-,-,-,-,-,-
3628TR05B,23/11/2021,GSP6,-,-,-,-,-,-,-,-
3628TR05B,22/11/2021,GSP6,-,-,-,-,-,-,-,-
3628TR05B,21/11/2021,GSP6,-,-,-,-,-,-,-,-
3628TR05B,20/11/2021,GSP6,-,-,-,-,-,-,-,-
3628TR05B,15/7/2021,GSP6,-,-,-,-,-,-,-,-
3628TR05B,23/11/2020,GSP6,0,6965,25532,0,7,1,4,296
3628TR05B,22/11/2020,GSP6,-,-,-,-,-,-,-,-
3628TR05B,28/11/2019,GSP6,0,4789,21175,0,7,1,5,293
3628TR05B,13/11/2019,GSP6,-,-,-,-,-,-,-,-
3628TR05B,11/12/2018,GSP6,0,8227,39039,0,0,0,6,650
3628TR05B,25/12/2017,GSP6,-,-,-,-,-,-,-,-
3628TR05B,15/12/2017,GSP6,0,7182,29139,0,0,0,4,516
3628TR05B,14/12/2017,GSP6,-,-,-,-,-,-,-,-
3628TR05B,14/12/2016,GSP6,-,-,-,-,-,-,-,-
3628TR05B,23/11/2015,GSP6,-,-,-,-,-,-,-,-
3628TR05B,29/1/2015,GSP6,-,-,-,-,-,-,-,-
3628TR05B,25/11/2013,GSP6,-,-,-,-,-,-,-,-
,,,,,,,,,,
3628TR06A,23/12/2022,GSP6,-,-,-,-,-,-,-,-
3628TR06A,22/12/2022,GSP6,0,15454,54015,0,8,0,5,398
3628TR06A,21/12/2022,GSP6,-,-,-,-,-,-,-,-
3628TR06A,24/12/2021,GSP6,-,-,-,-,-,-,-,-
3628TR06A,25/11/2021,GSP6,0,19417,56495,0,4,0,4,209
3628TR06A,24/11/2021,GSP6,-,-,-,-,-,-,-,-
3628TR06A,23/11/2021,GSP6,-,-,-,-,-,-,-,-
3628TR06A,22/11/2021,GSP6,-,-,-,-,-,-,-,-
3628TR06A,21/11/2021,GSP6,-,-,-,-,-,-,-,-
3628TR06A,20/11/2021,GSP6,-,-,-,-,-,-,-,-
3628TR06A,15/7/2021,GSP6,-,-,-,-,-,-,-,-
3628TR06A,23/11/2020,GSP6,0,8784,33118,0,6,1,4,270
3628TR06A,22/11/2020,GSP6,-,-,-,-,-,-,-,-
3628TR06A,28/11/2019,GSP6,0,6551,27750,0,6,1,4,251
3628TR06A,13/11/2019,GSP6,-,-,-,-,-,-,-,-
3628TR06A,11/12/2018,GSP6,0,11582,46236,0,0,0,5,609
3628TR06A,25/12/2017,GSP6,-,-,-,-,-,-,-,-
3628TR06A,15/12/2017,GSP6,0,9084,31080,0,0,0,3,398
3628TR06A,14/12/2017,GSP6,-,-,-,-,-,-,-,-
3628TR06A,14/12/2016,GSP6,-,-,-,-,-,-,-,-
3628TR06A,23/11/2015,GSP6,-,-,-,-,-,-,-,-
3628TR06A,29/1/2015,GSP6,-,-,-,-,-,-,-,-
3628TR06A,25/11/2013,GSP6,-,-,-,-,-,-,-,-
,,,,,,,,,,
3628TR06B,23/12/2022,GSP6,-,-,-,-,-,-,-,-
3628TR06B,22/12/2022,GSP6,0,17147,59903,0,11,1,6,488
3628TR06B,21/12/2022,GSP6,-,-,-,-,-,-,-,-
3628TR06B,24/12/2021,GSP6,-,-,-,-,-,-,-,-
3628TR06B,25/11/2021,GSP6,0,16959,56303,0,7,1,6,346
3628TR06B,24/11/2021,GSP6,-,-,-,-,-,-,-,-
3628TR06B,23/11/2021,GSP6,-,-,-,-,-,-,-,-
3628TR06B,22/11/2021,GSP6,-,-,-,-,-,-,-,-
3628TR06B,21/11/2021,GSP6,-,-,-,-,-,-,-,-
3628TR06B,20/11/2021,GSP6,-,-,-,-,-,-,-,-
3628TR06B,15/7/2021,GSP6,-,-,-,-,-,-,-,-
3628TR06B,23/11/2020,GSP6,0,6499,27197,0,8,1,5,329
3628TR06B,22/11/2020,GSP6,-,-,-,-,-,-,-,-
3628TR06B,28/11/2019,GSP6,0,6154,28304,0,7,2,5,299
3628TR06B,13/11/2019,GSP6,-,-,-,-,-,-,-,-
3628TR06B,11/12/2018,GSP6,0,10371,48524,0,0,0,7,660
3628TR06B,25/12/2017,GSP6,-,-,-,-,-,-,-,-
3628TR06B,15/12/2017,GSP6,0,7183,30394,0,0,0,5,545
3628TR06B,14/12/2017,GSP6,-,-,-,-,-,-,-,-
3628TR06B,14/12/2016,GSP6,-,-,-,-,-,-,-,-
3628TR06B,23/11/2015,GSP6,-,-,-,-,-,-,-,-
3628TR06B,29/1/2015,GSP6,-,-,-,-,-,-,-,-
3628TR06B,25/11/2013,GSP6,-,-,-,-,-,-,-,-
,,,,,,,,,,
3608PM002TR1,23/12/2022,GSP6,-,-,-,-,-,-,-,-
3608PM002TR1,22/12/2022,GSP6,14,13234,49532,0,10,1,4,430
3608PM002TR1,21/12/2022,GSP6,-,-,-,-,-,-,-,-
3608PM002TR1,24/12/2021,GSP6,-,-,-,-,-,-,-,-
3608PM002TR1,25/11/2021,GSP6,7,17025,51109,0,6,0,4,248
3608PM002TR1,24/11/2021,GSP6,-,-,-,-,-,-,-,-
3608PM002TR1,23/11/2021,GSP6,-,-,-,-,-,-,-,-
3608PM002TR1,22/11/2021,GSP6,-,-,-,-,-,-,-,-
3608PM002TR1,21/11/2021,GSP6,-,-,-,-,-,-,-,-
3608PM002TR1,20/11/2021,GSP6,-,-,-,-,-,-,-,-
3608PM002TR1,15/7/2021,GSP6,-,-,-,-,-,-,-,-
3608PM002TR1,23/11/2020,GSP6,4,6818,24915,0,6,1,2,190
3608PM002TR1,22/11/2020,GSP6,-,-,-,-,-,-,-,-
3608PM002TR1,28/11/2019,GSP6,4,6381,25288,0,5,1,2,164
3608PM002TR1,13/11/2019,GSP6,-,-,-,-,-,-,-,-
3608PM002TR1,11/12/2018,GSP6,0,14681,48894,0,2,0,1,266
3608PM002TR1,25/12/2017,GSP6,-,-,-,-,-,-,-,-
3608PM002TR1,15/12/2017,GSP6,0,9613,25174,0,0,0,0,66
3608PM002TR1,14/12/2017,GSP6,-,-,-,-,-,-,-,-
3608PM002TR1,14/12/2016,GSP6,-,-,-,-,-,-,-,-
3608PM002TR1,23/11/2015,GSP6,-,-,-,-,-,-,-,-
3608PM002TR1,29/1/2015,GSP6,-,-,-,-,-,-,-,-
3608PM002TR1,25/11/2013,GSP6,-,-,-,-,-,-,-,-
,,,,,,,,,,
3608PM002TR2,23/12/2022,GSP6,-,-,-,-,-,-,-,-
3608PM002TR2,22/12/2022,GSP6,14,12764,49312,0,7,0,4,368
3608PM002TR2,21/12/2022,GSP6,-,-,-,-,-,-,-,-
3608PM002TR2,24/12/2021,GSP6,-,-,-,-,-,-,-,-
3608PM002TR2,25/11/2021,GSP6,-,-,-,-,-,-,-,-
3608PM002TR2,24/11/2021,GSP6,-,-,-,-,-,-,-,-
3608PM002TR2,23/11/2021,GSP6,-,-,-,-,-,-,-,-
3608PM002TR2,22/11/2021,GSP6,-,-,-,-,-,-,-,-
3608PM002TR2,21/11/2021,GSP6,-,-,-,-,-,-,-,-
3608PM002TR2,20/11/2021,GSP6,-,-,-,-,-,-,-,-
3608PM002TR2,15/7/2021,GSP6,-,-,-,-,-,-,-,-
3608PM002TR2,23/11/2020,GSP6,7,7032,26255,0,5,0,3,248
3608PM002TR2,22/11/2020,GSP6,-,-,-,-,-,-,-,-
3608PM002TR2,28/11/2019,GSP6,8,5915,23936,0,5,1,3,219
3608PM002TR2,13/11/2019,GSP6,-,-,-,-,-,-,-,-
3608PM002TR2,11/12/2018,GSP6,17,12068,45374,0,2,0,0,419
3608PM002TR2,25/12/2017,GSP6,-,-,-,-,-,-,-,-
3608PM002TR2,15/12/2017,GSP6,13,9013,30230,0,0,0,0,282
3608PM002TR2,14/12/2017,GSP6,-,-,-,-,-,-,-,-
3608PM002TR2,14/12/2016,GSP6,12,13706,39595,0,0,0,0,208
3608PM002TR2,23/11/2015,GSP6,-,-,-,-,-,-,-,-
3608PM002TR2,29/1/2015,GSP6,-,-,-,-,-,-,-,-
3608PM002TR2,25/11/2013,GSP6,-,-,-,-,-,-,-,-
,,,,,,,,,,
3621TR01,23/12/2022,GSP6,-,-,-,-,-,-,-,-
3621TR01,22/12/2022,GSP6,15,26964,61656,0,3,0,3,172
3621TR01,21/12/2022,GSP6,-,-,-,-,-,-,-,-
3621TR01,24/12/2021,GSP6,-,-,-,-,-,-,-,-
3621TR01,25/11/2021,GSP6,19,28363,65518,0,3,0,4,192
3621TR01,24/11/2021,GSP6,-,-,-,-,-,-,-,-
3621TR01,23/11/2021,GSP6,-,-,-,-,-,-,-,-
3621TR01,22/11/2021,GSP6,-,-,-,-,-,-,-,-
3621TR01,21/11/2021,GSP6,-,-,-,-,-,-,-,-
3621TR01,20/11/2021,GSP6,-,-,-,-,-,-,-,-
3621TR01,15/7/2021,GSP6,-,-,-,-,-,-,-,-
3621TR01,23/11/2020,GSP6,6,15972,37289,0,2,0,2,100
3621TR01,22/11/2020,GSP6,-,-,-,-,-,-,-,-
3621TR01,28/11/2019,GSP6,5,11647,34793,0,1,1,3,92
3621TR01,13/11/2019,GSP6,-,-,-,-,-,-,-,-
3621TR01,11/12/2018,GSP6,13,27256,62774,0,0,0,2,208
3621TR01,25/12/2017,GSP6,-,-,-,-,-,-,-,-
3621TR01,15/12/2017,GSP6,-,-,-,-,-,-,-,-
3621TR01,14/12/2017,GSP6,-,-,-,-,-,-,-,-
3621TR01,14/12/2016,GSP6,16,17198,38938,0,0,0,3,188
3621TR01,23/11/2015,GSP6,-,-,-,-,-,-,-,-
3621TR01,29/1/2015,GSP6,-,-,-,-,-,-,-,-
3621TR01,25/11/2013,GSP6,-,-,-,-,-,-,-,-
,,,,,,,,,,
3629TR201A,23/12/2022,CS,-,-,-,-,-,-,-,-
3629TR201A,22/12/2022,CS,0,6408,25463,0,9,1,12,573
3629TR201A,21/12/2022,CS,-,-,-,-,-,-,-,-
3629TR201A,24/12/2021,CS,-,-,-,-,-,-,-,-
3629TR201A,25/11/2021,CS,0,8912,30957,0,8,2,11,530
3629TR201A,24/11/2021,CS,-,-,-,-,-,-,-,-
3629TR201A,23/11/2021,CS,-,-,-,-,-,-,-,-
3629TR201A,22/11/2021,CS,-,-,-,-,-,-,-,-
3629TR201A,21/11/2021,CS,-,-,-,-,-,-,-,-
3629TR201A,20/11/2021,CS,-,-,-,-,-,-,-,-
3629TR201A,15/7/2021,CS,-,-,-,-,-,-,-,-
3629TR201A,23/11/2020,CS,0,4181,13330,0,6,1,7,210
3629TR201A,22/11/2020,CS,-,-,-,-,-,-,-,-
3629TR201A,28/11/2019,CS,0,4453,17621,0,7,2,6,203
3629TR201A,13/11/2019,CS,-,-,-,-,-,-,-,-
3629TR201A,11/12/2018,CS,193,9838,35311,0,4,0,9,479
3629TR201A,25/12/2017,CS,185,6021,17119,0,4,0,8,484
3629TR201A,15/12/2017,CS,-,-,-,-,-,-,-,-
3629TR201A,14/12/2017,CS,-,-,-,-,-,-,-,-
3629TR201A,14/12/2016,CS,-,-,-,-,-,-,-,-
3629TR201A,23/11/2015,CS,-,-,-,-,-,-,-,-
3629TR201A,29/1/2015,CS,-,-,-,-,-,-,-,-
3629TR201A,25/11/2013,CS,-,-,-,-,-,-,-,-
,,,,,,,,,,
3629TR201AOLTC,23/12/2022,CS,-,-,-,-,-,-,-,-
3629TR201AOLTC,22/12/2022,CS,90,28793,71192,62,4,0,7,47
3629TR201AOLTC,21/12/2022,CS,-,-,-,-,-,-,-,-
3629TR201AOLTC,24/12/2021,CS,-,-,-,-,-,-,-,-
3629TR201AOLTC,25/11/2021,CS,64,34575,72060,1598,178,5,34,33
3629TR201AOLTC,24/11/2021,CS,-,-,-,-,-,-,-,-
3629TR201AOLTC,23/11/2021,CS,-,-,-,-,-,-,-,-
3629TR201AOLTC,22/11/2021,CS,-,-,-,-,-,-,-,-
3629TR201AOLTC,21/11/2021,CS,-,-,-,-,-,-,-,-
3629TR201AOLTC,20/11/2021,CS,-,-,-,-,-,-,-,-
3629TR201AOLTC,15/7/2021,CS,-,-,-,-,-,-,-,-
3629TR201AOLTC,23/11/2020,CS,67,13376,27065,887,114,4,37,15
3629TR201AOLTC,22/11/2020,CS,-,-,-,-,-,-,-,-
3629TR201AOLTC,28/11/2019,CS,82,11280,29668,1015,109,4,42,13
3629TR201AOLTC,13/11/2019,CS,-,-,-,-,-,-,-,-
3629TR201AOLTC,11/12/2018,CS,287,27986,60554,895,71,0,61,19
3629TR201AOLTC,25/12/2017,CS,353,22059,44422,4130,368,11,114,21
3629TR201AOLTC,15/12/2017,CS,-,-,-,-,-,-,-,-
3629TR201AOLTC,14/12/2017,CS,-,-,-,-,-,-,-,-
3629TR201AOLTC,14/12/2016,CS,-,-,-,-,-,-,-,-
3629TR201AOLTC,23/11/2015,CS,-,-,-,-,-,-,-,-
3629TR201AOLTC,29/1/2015,CS,-,-,-,-,-,-,-,-
3629TR201AOLTC,25/11/2013,CS,-,-,-,-,-,-,-,-
,,,,,,,,,,
3629TR201B,23/12/2022,CS,-,-,-,-,-,-,-,-
3629TR201B,22/12/2022,CS,0,10389,43804,0,4,1,13,701
3629TR201B,21/12/2022,CS,-,-,-,-,-,-,-,-
3629TR201B,24/12/2021,CS,-,-,-,-,-,-,-,-
3629TR201B,25/11/2021,CS,0,9584,34492,0,3,1,12,570
3629TR201B,24/11/2021,CS,-,-,-,-,-,-,-,-
3629TR201B,23/11/2021,CS,-,-,,-,-,-,-,-
3629TR201B,22/11/2021,CS,-,-,-,-,-,-,-,-
3629TR201B,21/11/2021,CS,-,-,-,-,-,-,-,-
3629TR201B,20/11/2021,CS,-,-,-,-,-,-,-,-
3629TR201B,15/7/2021,CS,-,-,-,-,-,-,-,-
3629TR201B,23/11/2020,CS,0,5762,18705,3,2,1,7,241
3629TR201B,22/11/2020,CS,-,-,-,-,-,-,-,-
3629TR201B,28/11/2019,CS,1,4369,18396,4,2,1,6,251
3629TR201B,13/11/2019,CS,-,-,-,-,-,-,-,-
3629TR201B,11/12/2018,CS,380,10288,39034,0,0,0,9,560
3629TR201B,25/12/2017,CS,17,22059,44422,99,0,0,0,31
3629TR201B,15/12/2017,CS,-,-,-,-,-,-,-,-
3629TR201B,14/12/2017,CS,-,-,-,-,-,-,-,-
3629TR201B,14/12/2016,CS,-,-,-,-,-,-,-,-
3629TR201B,23/11/2015,CS,-,-,-,-,-,-,-,-
3629TR201B,29/1/2015,CS,-,-,-,-,-,-,-,-
3629TR201B,25/11/2013,CS,-,-,-,-,-,-,-,-
,,,,,,,,,,
3629TR201BOLTC,23/12/2022,CS,-,-,-,-,-,-,-,-
3629TR201BOLTC,22/12/2022,CS,768,30463,73830,1042,81,2,85,40
3629TR201BOLTC,21/12/2022,CS,-,-,-,-,-,-,-,-
3629TR201BOLTC,24/12/2021,CS,-,-,-,-,-,-,-,-
3629TR201BOLTC,25/11/2021,CS,77,34860,72784,1097,126,5,28,33
3629TR201BOLTC,24/11/2021,CS,-,-,-,-,-,-,-,-
3629TR201BOLTC,23/11/2021,CS,-,-,,-,-,-,-,-
3629TR201BOLTC,22/11/2021,CS,-,-,-,-,-,-,-,-
3629TR201BOLTC,21/11/2021,CS,-,-,-,-,-,-,-,-
3629TR201BOLTC,20/11/2021,CS,-,-,-,-,-,-,-,-
3629TR201BOLTC,15/7/2021,CS,-,-,-,-,-,-,-,-
3629TR201BOLTC,23/11/2020,CS,69,15303,30875,1422,170,5,61,15
3629TR201BOLTC,22/11/2020,CS,-,-,-,-,-,-,-,-
3629TR201BOLTC,28/11/2019,CS,72,10206,24068,1213,126,4,47,14
3629TR201BOLTC,13/11/2019,CS,-,-,-,-,-,-,-,-
3629TR201BOLTC,11/12/2018,CS,238,28613,61620,802,62,0,53,18
3629TR201BOLTC,25/12/2017,CS,295,22126,44988,3819,332,9,105,27
3629TR201BOLTC,15/12/2017,CS,-,-,-,-,-,-,-,-
3629TR201BOLTC,14/12/2017,CS,-,-,-,-,-,-,-,-
3629TR201BOLTC,14/12/2016,CS,-,-,-,-,-,-,-,-
3629TR201BOLTC,23/11/2015,CS,-,-,-,-,-,-,-,-
3629TR201BOLTC,29/1/2015,CS,-,-,-,-,-,-,-,-
3629TR201BOLTC,25/11/2013,CS,-,-,-,-,-,-,-,-
,,,,,,,,,,
3629TR202,23/12/2022,CS,-,-,-,-,-,-,-,-
3629TR202,22/12/2022,CS,9,27167,70221,0,40,1,3,323
3629TR202,21/12/2022,CS,-,-,-,-,-,-,-,-
3629TR202,24/12/2021,CS,-,-,-,-,-,-,-,-
3629TR202,25/11/2021,CS,5,29740,70821,0,40,1,5,257
3629TR202,24/11/2021,CS,-,-,-,-,-,-,-,-
3629TR202,23/11/2021,CS,-,-,,-,-,-,-,-
3629TR202,22/11/2021,CS,-,-,-,-,-,-,-,-
3629TR202,21/11/2021,CS,-,-,-,-,-,-,-,-
3629TR202,20/11/2021,CS,-,-,-,-,-,-,-,-
3629TR202,15/7/2021,CS,-,-,-,-,-,-,-,-
3629TR202,23/11/2020,CS,0,12057,29031,8,27,0,3,119
3629TR202,22/11/2020,CS,-,-,-,-,-,-,-,-
3629TR202,28/11/2019,CS,2,9466,27499,6,27,1,3,109
3629TR202,13/11/2019,CS,-,-,-,-,-,-,-,-
3629TR202,11/12/2018,CS,0,25049,60879,0,30,0,2,288
3629TR202,25/12/2017,CS,378,6330,21809,0,0,0,0,727
3629TR202,15/12/2017,CS,-,-,-,-,-,-,-,-
3629TR202,14/12/2017,CS,-,-,-,-,-,-,-,-
3629TR202,14/12/2016,CS,-,-,-,-,-,-,-,-
3629TR202,23/11/2015,CS,-,-,-,-,-,-,-,-
3629TR202,29/1/2015,CS,-,-,-,-,-,-,-,-
3629TR202,25/11/2013,CS,-,-,-,-,-,-,-,-
,,,,,,,,,,
3228TR01A,23/12/2022,ESP,-,-,-,-,-,-,-,-
3228TR01A,22/12/2022,ESP,-,-,-,-,-,-,-,-
3228TR01A,21/12/2022,ESP,0,22134,55933,0,7,1,5,122
3228TR01A,24/12/2021,ESP,-,-,-,-,-,-,-,-
3228TR01A,25/11/2021,ESP,-,-,-,-,-,-,-,-
3228TR01A,24/11/2021,ESP,-,-,-,-,-,-,-,-
3228TR01A,23/11/2021,ESP,-,-,,-,-,-,-,-
3228TR01A,22/11/2021,ESP,-,-,-,-,-,-,-,-
3228TR01A,21/11/2021,ESP,-,-,-,-,-,-,-,-
3228TR01A,20/11/2021,ESP,5,21080,65202,0,0,1,3,121
3228TR01A,15/7/2021,ESP,-,-,-,-,-,-,-,-
3228TR01A,23/11/2020,ESP,0,6472,17476,0,0,0,2,31
3228TR01A,22/11/2020,ESP,-,-,-,-,-,-,-,-
3228TR01A,28/11/2019,ESP,0,5791,16600,0,0,1,1,14
3228TR01A,13/11/2019,ESP,-,-,-,-,-,-,-,-
3228TR01A,11/12/2018,ESP,0,11139,46078,0,0,0,5,482
3228TR01A,25/12/2017,ESP,0,9905,31096,0,0,0,0,413
3228TR01A,15/12/2017,ESP,-,-,-,-,-,-,-,-
3228TR01A,14/12/2017,ESP,-,-,-,-,-,-,-,-
3228TR01A,14/12/2016,ESP,-,-,-,-,-,-,-,-
3228TR01A,23/11/2015,ESP,-,-,-,-,-,-,-,-
3228TR01A,29/1/2015,ESP,-,-,-,-,-,-,-,-
3228TR01A,25/11/2013,ESP,-,-,-,-,-,-,-,-
,,,,,,,,,,
3228TR01B,23/12/2022,ESP,-,-,-,-,-,-,-,-
3228TR01B,22/12/2022,ESP,-,-,-,-,-,-,-,-
3228TR01B,21/12/2022,ESP,0,16840,61063,0,22,5,13,356
3228TR01B,24/12/2021,ESP,-,-,-,-,-,-,-,-
3228TR01B,25/11/2021,ESP,-,-,-,-,-,-,-,-
3228TR01B,24/11/2021,ESP,-,-,-,-,-,-,-,-
3228TR01B,23/11/2021,ESP,-,-,,-,-,-,-,-
3228TR01B,22/11/2021,ESP,-,-,-,-,-,-,-,-
3228TR01B,21/11/2021,ESP,-,-,-,-,-,-,-,-
3228TR01B,20/11/2021,ESP,7,19919,56116,0,19,4,12,183
3228TR01B,15/7/2021,ESP,-,-,-,-,-,-,-,-
3228TR01B,23/11/2020,ESP,0,6406,21580,0,31,6,14,173
3228TR01B,22/11/2020,ESP,-,-,-,-,-,-,-,-
3228TR01B,28/11/2019,ESP,0,4553,17990,0,36,8,16,185
3228TR01B,13/11/2019,ESP,-,-,-,-,-,-,-,-
3228TR01B,11/12/2018,ESP,0,9938,36724,0,25,4,5,38
3228TR01B,25/12/2017,ESP,0,14866,40148,0,50,8,32,368
3228TR01B,15/12/2017,ESP,-,-,-,-,-,-,-,-
3228TR01B,14/12/2017,ESP,-,-,-,-,-,-,-,-
3228TR01B,14/12/2016,ESP,-,-,-,-,-,-,-,-
3228TR01B,23/11/2015,ESP,-,-,-,-,-,-,-,-
3228TR01B,29/1/2015,ESP,-,-,-,-,-,-,-,-
3228TR01B,25/11/2013,ESP,-,-,-,-,-,-,-,-
,,,,,,,,,,
3228TR01C,23/12/2022,ESP,-,-,-,-,-,-,-,-
3228TR01C,22/12/2022,ESP,-,-,-,-,-,-,-,-
3228TR01C,21/12/2022,ESP,0,18558,55890,0,23,9,15,229
3228TR01C,24/12/2021,ESP,-,-,-,-,-,-,-,-
3228TR01C,25/11/2021,ESP,-,-,-,-,-,-,-,-
3228TR01C,24/11/2021,ESP,-,-,-,-,-,-,-,-
3228TR01C,23/11/2021,ESP,-,-,,-,-,-,-,-
3228TR01C,22/11/2021,ESP,-,-,-,-,-,-,-,-
3228TR01C,21/11/2021,ESP,-,-,-,-,-,-,-,-
3228TR01C,20/11/2021,ESP,4,12002,55725,0,57,20,54,318
3228TR01C,15/7/2021,ESP,-,-,-,-,-,-,-,-
3228TR01C,23/11/2020,ESP,0,6963,21494,0,32,13,20,84
3228TR01C,22/11/2020,ESP,-,-,-,-,-,-,-,-
3228TR01C,28/11/2019,ESP,0,7308,25521,0,45,17,22,82
3228TR01C,13/11/2019,ESP,-,-,-,-,-,-,-,-
3228TR01C,11/12/2018,ESP,0,10041,50215,2,65,21,60,355
3228TR01C,25/12/2017,ESP,0,12935,36009,0,51,14,39,229
3228TR01C,15/12/2017,ESP,-,-,-,-,-,-,-,-
3228TR01C,14/12/2017,ESP,-,-,-,-,-,-,-,-
3228TR01C,14/12/2016,ESP,-,-,-,-,-,-,-,-
3228TR01C,23/11/2015,ESP,-,-,-,-,-,-,-,-
3228TR01C,29/1/2015,ESP,-,-,-,-,-,-,-,-
3228TR01C,25/11/2013,ESP,-,-,-,-,-,-,-,-
,,,,,,,,,,
3228TR01D,23/12/2022,ESP,-,-,-,-,-,-,-,-
3228TR01D,22/12/2022,ESP,-,-,-,-,-,-,-,-
3228TR01D,21/12/2022,ESP,0,8376,47677,0,92,23,68,618
3228TR01D,24/12/2021,ESP,-,-,-,-,-,-,-,-
3228TR01D,25/11/2021,ESP,-,-,-,-,-,-,-,-
3228TR01D,24/11/2021,ESP,-,-,-,-,-,-,-,-
3228TR01D,23/11/2021,ESP,-,-,,-,-,-,-,-
3228TR01D,22/11/2021,ESP,-,-,-,-,-,-,-,-
3228TR01D,21/11/2021,ESP,-,-,-,-,-,-,-,-
3228TR01D,20/11/2021,ESP,3,11946,56628,0,17,4,14,528
3228TR01D,15/7/2021,ESP,-,-,-,-,-,-,-,-
3228TR01D,23/11/2020,ESP,0,7143,26281,0,12,2,7,194
3228TR01D,22/11/2020,ESP,-,-,-,-,-,-,-,-
3228TR01D,28/11/2019,ESP,0,5520,21470,0,13,3,7,175
3228TR01D,13/11/2019,ESP,-,-,-,-,-,-,-,-
3228TR01D,11/12/2018,ESP,0,9018,46694,0,12,4,15,556
3228TR01D,25/12/2017,ESP,0,9952,28169,0,0,0,3,286
3228TR01D,15/12/2017,ESP,-,-,-,-,-,-,-,-
3228TR01D,14/12/2017,ESP,-,-,-,-,-,-,-,-
3228TR01D,14/12/2016,ESP,-,-,-,-,-,-,-,-
3228TR01D,23/11/2015,ESP,-,-,-,-,-,-,-,-
3228TR01D,29/1/2015,ESP,-,-,-,-,-,-,-,-
3228TR01D,25/11/2013,ESP,-,-,-,-,-,-,-,-
,,,,,,,,,,
3228TR02A,23/12/2022,ESP,-,-,-,-,-,-,-,-
3228TR02A,22/12/2022,ESP,-,-,-,-,-,-,-,-
3228TR02A,21/12/2022,ESP,0,18640,55601,0,5,0,3,214
3228TR02A,24/12/2021,ESP,-,-,-,-,-,-,-,-
3228TR02A,25/11/2021,ESP,-,-,-,-,-,-,-,-
3228TR02A,24/11/2021,ESP,-,-,-,-,-,-,-,-
3228TR02A,23/11/2021,ESP,-,-,,-,-,-,-,-
3228TR02A,22/11/2021,ESP,-,-,-,-,-,-,-,-
3228TR02A,21/11/2021,ESP,-,-,-,-,-,-,-,-
3228TR02A,20/11/2021,ESP,4,15797,60291,0,8,1,8,517
3228TR02A,15/7/2021,ESP,-,-,-,-,-,-,-,-
3228TR02A,23/11/2020,ESP,2,6239,25042,0,14,1,6,288
3228TR02A,22/11/2020,ESP,-,-,-,-,-,-,-,-
3228TR02A,28/11/2019,ESP,0,5105,20133,0,5,1,4,186
3228TR02A,13/11/2019,ESP,-,-,-,-,-,-,-,-
3228TR02A,11/12/2018,ESP,0,7975,30966,0,0,0,4,399
3228TR02A,25/12/2017,ESP,0,10476,28684,0,0,0,2,257
3228TR02A,15/12/2017,ESP,-,-,-,-,-,-,-,-
3228TR02A,14/12/2017,ESP,-,-,-,-,-,-,-,-
3228TR02A,14/12/2016,ESP,-,-,-,-,-,-,-,-
3228TR02A,23/11/2015,ESP,-,-,-,-,-,-,-,-
3228TR02A,29/1/2015,ESP,-,-,-,-,-,-,-,-
3228TR02A,25/11/2013,ESP,-,-,-,-,-,-,-,-
,,,,,,,,,,
3228TR02B,23/12/2022,ESP,-,-,-,-,-,-,-,-
3228TR02B,22/12/2022,ESP,-,-,-,-,-,-,-,-
3228TR02B,21/12/2022,ESP,0,16014,48919,0,4,0,4,216
3228TR02B,24/12/2021,ESP,-,-,-,-,-,-,-,-
3228TR02B,25/11/2021,ESP,-,-,-,-,-,-,-,-
3228TR02B,24/11/2021,ESP,-,-,-,-,-,-,-,-
3228TR02B,23/11/2021,ESP,-,-,,-,-,-,-,-
3228TR02B,22/11/2021,ESP,-,-,-,-,-,-,-,-
3228TR02B,21/11/2021,ESP,-,-,-,-,-,-,-,-
3228TR02B,20/11/2021,ESP,11,10388,47331,0,8,1,8,519
3228TR02B,15/7/2021,ESP,-,-,-,-,-,-,-,-
3228TR02B,23/11/2020,ESP,0,6292,19959,0,5,1,4,180
3228TR02B,22/11/2020,ESP,-,-,-,-,-,-,-,-
3228TR02B,28/11/2019,ESP,0,6403,23180,0,5,1,3,156
3228TR02B,13/11/2019,ESP,-,-,-,-,-,-,-,-
3228TR02B,11/12/2018,ESP,0,12574,44493,0,0,0,4,428
3228TR02B,25/12/2017,ESP,0,9650,31096,0,0,0,3,353
3228TR02B,15/12/2017,ESP,-,-,-,-,-,-,-,-
3228TR02B,14/12/2017,ESP,-,-,-,-,-,-,-,-
3228TR02B,14/12/2016,ESP,-,-,-,-,-,-,-,-
3228TR02B,23/11/2015,ESP,-,-,-,-,-,-,-,-
3228TR02B,29/1/2015,ESP,-,-,-,-,-,-,-,-
3228TR02B,25/11/2013,ESP,-,-,-,-,-,-,-,-
,,,,,,,,,,
3228TR03A,23/12/2022,ESP,-,-,-,-,-,-,-,-
3228TR03A,22/12/2022,ESP,-,-,-,-,-,-,-,-
3228TR03A,21/12/2022,ESP,0,12661,41945,0,5,0,4,241
3228TR03A,24/12/2021,ESP,-,-,-,-,-,-,-,-
3228TR03A,25/11/2021,ESP,-,-,-,-,-,-,-,-
3228TR03A,24/11/2021,ESP,-,-,-,-,-,-,-,-
3228TR03A,23/11/2021,ESP,-,-,,-,-,-,-,-
3228TR03A,22/11/2021,ESP,-,-,-,-,-,-,-,-
3228TR03A,21/11/2021,ESP,-,-,-,-,-,-,-,-
3228TR03A,20/11/2021,ESP,8,10546,50041,0,9,1,8,534
3228TR03A,15/7/2021,ESP,-,-,-,-,-,-,-,-
3228TR03A,23/11/2020,ESP,0,7291,24227,0,6,1,3,180
3228TR03A,22/11/2020,ESP,-,-,-,-,-,-,-,-
3228TR03A,28/11/2019,ESP,0,6396,24055,0,6,1,4,169
3228TR03A,13/11/2019,ESP,-,-,-,-,-,-,-,-
3228TR03A,11/12/2018,ESP,0,13068,51066,0,0,0,4,460
3228TR03A,25/12/2017,ESP,0,10509,34284,0,0,0,3,381
3228TR03A,15/12/2017,ESP,-,-,-,-,-,-,-,-
3228TR03A,14/12/2017,ESP,-,-,-,-,-,-,-,-
3228TR03A,14/12/2016,ESP,-,-,-,-,-,-,-,-
3228TR03A,23/11/2015,ESP,-,-,-,-,-,-,-,-
3228TR03A,29/1/2015,ESP,-,-,-,-,-,-,-,-
3228TR03A,25/11/2013,ESP,-,-,-,-,-,-,-,-
,,,,,,,,,,
3228TR03B,23/12/2022,ESP,-,-,-,-,-,-,-,-
3228TR03B,22/12/2022,ESP,-,-,-,-,-,-,-,-
3228TR03B,21/12/2022,ESP,0,14938,48315,0,5,0,3,241
3228TR03B,24/12/2021,ESP,-,-,-,-,-,-,-,-
3228TR03B,25/11/2021,ESP,-,-,-,-,-,-,-,-
3228TR03B,24/11/2021,ESP,-,-,-,-,-,-,-,-
3228TR03B,23/11/2021,ESP,-,-,,-,-,-,-,-
3228TR03B,22/11/2021,ESP,-,-,-,-,-,-,-,-
3228TR03B,21/11/2021,ESP,-,-,-,-,-,-,-,-
3228TR03B,20/11/2021,ESP,4,8009,51317,0,12,1,8,656
3228TR03B,15/7/2021,ESP,-,-,-,-,-,-,-,-
3228TR03B,23/11/2020,ESP,0,7417,22920,0,7,1,3,182
3228TR03B,22/11/2020,ESP,-,-,-,-,-,-,-,-
3228TR03B,28/11/2019,ESP,0,6574,26055,0,7,1,4,193
3228TR03B,13/11/2019,ESP,-,-,-,-,-,-,-,-
3228TR03B,11/12/2018,ESP,0,9342,44397,0,0,0,5,500
3228TR03B,25/12/2017,ESP,0,9306,33139,0,0,0,0,424
3228TR03B,15/12/2017,ESP,-,-,-,-,-,-,-,-
3228TR03B,14/12/2017,ESP,-,-,-,-,-,-,-,-
3228TR03B,14/12/2016,ESP,-,-,-,-,-,-,-,-
3228TR03B,23/11/2015,ESP,-,-,-,-,-,-,-,-
3228TR03B,29/1/2015,ESP,-,-,-,-,-,-,-,-
3228TR03B,25/11/2013,ESP,-,-,-,-,-,-,-,-
,,,,,,,,,,
3228TR04A,23/12/2022,ESP,-,-,-,-,-,-,-,-
3228TR04A,22/12/2022,ESP,-,-,-,-,-,-,-,-
3228TR04A,21/12/2022,ESP,0,16667,53440,0,5,0,4,242
3228TR04A,24/12/2021,ESP,-,-,-,-,-,-,-,-
3228TR04A,25/11/2021,ESP,-,-,-,-,-,-,-,-
3228TR04A,24/11/2021,ESP,-,-,-,-,-,-,-,-
3228TR04A,23/11/2021,ESP,-,-,,-,-,-,-,-
3228TR04A,22/11/2021,ESP,-,-,-,-,-,-,-,-
3228TR04A,21/11/2021,ESP,-,-,-,-,-,-,-,-
3228TR04A,20/11/2021,ESP,4,10132,54360,0,8,1,8,535
3228TR04A,15/7/2021,ESP,-,-,-,-,-,-,-,-
3228TR04A,23/11/2020,ESP,0,7590,28058,0,6,1,4,201
3228TR04A,22/11/2020,ESP,-,-,-,-,-,-,-,-
3228TR04A,28/11/2019,ESP,0,5745,24974,0,6,1,4,196
3228TR04A,13/11/2019,ESP,-,-,-,-,-,-,-,-
3228TR04A,11/12/2018,ESP,0,9784,42450,0,0,0,5,478
3228TR04A,25/12/2017,ESP,-,-,-,-,-,-,-,-
3228TR04A,15/12/2017,ESP,-,-,-,-,-,-,-,-
3228TR04A,14/12/2017,ESP,0,7261,28422,0,0,0,5,282
3228TR04A,14/12/2016,ESP,-,-,-,-,-,-,-,-
3228TR04A,23/11/2015,ESP,-,-,-,-,-,-,-,-
3228TR04A,29/1/2015,ESP,-,-,-,-,-,-,-,-
3228TR04A,25/11/2013,ESP,-,-,-,-,-,-,-,-
,,,,,,,,,,
3228TR04B,23/12/2022,ESP,-,-,-,-,-,-,-,-
3228TR04B,22/12/2022,ESP,-,-,-,-,-,-,-,-
3228TR04B,21/12/2022,ESP,0,14022,44308,0,5,0,226,234
3228TR04B,24/12/2021,ESP,-,-,-,-,-,-,-,-
3228TR04B,25/11/2021,ESP,-,-,-,-,-,-,-,-
3228TR04B,24/11/2021,ESP,-,-,-,-,-,-,-,-
3228TR04B,23/11/2021,ESP,-,-,,-,-,-,-,-
3228TR04B,22/11/2021,ESP,-,-,-,-,-,-,-,-
3228TR04B,21/11/2021,ESP,-,-,-,-,-,-,-,-
3228TR04B,20/11/2021,ESP,3,9349,51826,0,10,1,598,620
3228TR04B,15/7/2021,ESP,-,-,-,-,-,-,-,-
3228TR04B,23/11/2020,ESP,0,6852,25160,0,7,1,212,224
3228TR04B,22/11/2020,ESP,-,-,-,-,-,-,-,-
3228TR04B,28/11/2019,ESP,0,6509,25464,0,7,1,191,202
3228TR04B,13/11/2019,ESP,-,-,-,-,-,-,-,-
3228TR04B,11/12/2018,ESP,0,13226,54649,0,0,0,528,533
3228TR04B,25/12/2017,ESP,0,9379,32825,0,3,0,383,386
3228TR04B,15/12/2017,ESP,-,-,-,-,-,-,-,-
3228TR04B,14/12/2017,ESP,-,-,-,-,-,-,-,-
3228TR04B,14/12/2016,ESP,-,-,-,-,-,-,-,-
3228TR04B,23/11/2015,ESP,-,-,-,-,-,-,-,-
3228TR04B,29/1/2015,ESP,-,-,-,-,-,-,-,-
3228TR04B,25/11/2013,ESP,-,-,-,-,-,-,-,-
,,,,,,,,,,
3225TR02A,23/12/2022,ESP,-,-,-,-,-,-,-,-
3225TR02A,22/12/2022,ESP,-,-,-,-,-,-,-,-
3225TR02A,21/12/2022,ESP,0,19905,64646,0,15,0,4,343
3225TR02A,24/12/2021,ESP,-,-,-,-,-,-,-,-
3225TR02A,25/11/2021,ESP,-,-,-,-,-,-,-,-
3225TR02A,24/11/2021,ESP,-,-,-,-,-,-,-,-
3225TR02A,23/11/2021,ESP,-,-,,-,-,-,-,-
3225TR02A,22/11/2021,ESP,-,-,-,-,-,-,-,-
3225TR02A,21/11/2021,ESP,-,-,-,-,-,-,-,-
3225TR02A,20/11/2021,ESP,27,13998,66475,0,19,1,9,681
3225TR02A,15/7/2021,ESP,-,-,-,-,-,-,-,-
3225TR02A,23/11/2020,ESP,0,10074,31893,0,11,1,4,230
3225TR02A,22/11/2020,ESP,-,-,-,-,-,-,-,-
3225TR02A,28/11/2019,ESP,0,6194,25721,0,11,1,4,242
3225TR02A,13/11/2019,ESP,-,-,-,-,-,-,-,-
3225TR02A,11/12/2018,ESP,0,16801,61995,0,7,0,6,549
3225TR02A,25/12/2017,ESP,0,14268,38337,0,43,7,25,293
3225TR02A,15/12/2017,ESP,-,-,-,-,-,-,-,-
3225TR02A,14/12/2017,ESP,-,-,-,-,-,-,-,-
3225TR02A,14/12/2016,ESP,-,-,-,-,-,-,-,-
3225TR02A,23/11/2015,ESP,-,-,-,-,-,-,-,-
3225TR02A,29/1/2015,ESP,-,-,-,-,-,-,-,-
3225TR02A,25/11/2013,ESP,-,-,-,-,-,-,-,-
,,,,,,,,,,
3225TR02B,23/12/2022,ESP,-,-,-,-,-,-,-,-
3225TR02B,22/12/2022,ESP,-,-,-,-,-,-,-,-
3225TR02B,21/12/2022,ESP,14,17101,53220,0,8,0,4,246
3225TR02B,24/12/2021,ESP,-,-,-,-,-,-,-,-
3225TR02B,25/11/2021,ESP,-,-,-,-,-,-,-,-
3225TR02B,24/11/2021,ESP,-,-,-,-,-,-,-,-
3225TR02B,23/11/2021,ESP,-,-,,-,-,-,-,-
3225TR02B,22/11/2021,ESP,-,-,-,-,-,-,-,-
3225TR02B,21/11/2021,ESP,-,-,-,-,-,-,-,-
3225TR02B,20/11/2021,ESP,21,9776,54427,0,22,1,11,718
3225TR02B,15/7/2021,ESP,-,-,-,-,-,-,-,-
3225TR02B,23/11/2020,ESP,0,8161,23213,0,6,1,4,178
3225TR02B,22/11/2020,ESP,-,-,-,-,-,-,-,-
3225TR02B,28/11/2019,ESP,0,5862,24534,0,14,1,5,272
3225TR02B,13/11/2019,ESP,-,-,-,-,-,-,-,-
3225TR02B,11/12/2018,ESP,0,16255,65248,0,10,0,7,541
3225TR02B,25/12/2017,ESP,0,16045,40850,0,7,0,0,250
3225TR02B,15/12/2017,ESP,-,-,-,-,-,-,-,-
3225TR02B,14/12/2017,ESP,-,-,-,-,-,-,-,-
3225TR02B,14/12/2016,ESP,-,-,-,-,-,-,-,-
3225TR02B,23/11/2015,ESP,-,-,-,-,-,-,-,-
3225TR02B,29/1/2015,ESP,-,-,-,-,-,-,-,-
3225TR02B,25/11/2013,ESP,-,-,-,-,-,-,-,-
,,,,,,,,,,
3225TR01,23/12/2022,ESP,-,-,-,-,-,-,-,-
3225TR01,22/12/2022,ESP,-,-,-,-,-,-,-,-
3225TR01,21/12/2022,ESP,0,11602,48434,0,14,3,10,555
3225TR01,24/12/2021,ESP,-,-,-,-,-,-,-,-
3225TR01,25/11/2021,ESP,-,-,-,-,-,-,-,-
3225TR01,24/11/2021,ESP,-,-,-,-,-,-,-,-
3225TR01,23/11/2021,ESP,-,-,,-,-,-,-,-
3225TR01,22/11/2021,ESP,-,-,-,-,-,-,-,-
3225TR01,21/11/2021,ESP,-,-,-,-,-,-,-,-
3225TR01,20/11/2021,ESP,0,7914,59530,0,27,6,22,923
3225TR01,15/7/2021,ESP,-,-,-,-,-,-,-,-
3225TR01,23/11/2020,ESP,0,7002,26987,0,19,4,10,329
3225TR01,22/11/2020,ESP,-,-,-,-,-,-,-,-
3225TR01,28/11/2019,ESP,0,7218,29567,0,22,6,10,262
3225TR01,13/11/2019,ESP,-,-,-,-,-,-,-,-
3225TR01,11/12/2018,ESP,0,10822,37145,0,0,0,0,5
3225TR01,25/12/2017,ESP,0,8721,32202,0,26,0,21,631
3225TR01,15/12/2017,ESP,-,-,-,-,-,-,-,-
3225TR01,14/12/2017,ESP,-,-,-,-,-,-,-,-
3225TR01,14/12/2016,ESP,-,-,-,-,-,-,-,-
3225TR01,23/11/2015,ESP,-,-,-,-,-,-,-,-
3225TR01,29/1/2015,ESP,-,-,-,-,-,-,-,-
3225TR01,25/11/2013,ESP,-,-,-,-,-,-,-,-
,,,,,,,,,,
300TR001,23/12/2022,GPPP,-,-,-,-,-,-,-,-
300TR001,22/12/2022,GPPP,0,7094,62188,0,6,1,4,287
300TR001,21/12/2022,GPPP,-,-,-,-,-,-,-,-
300TR001,24/12/2021,GPPP,-,-,-,-,-,-,-,-
300TR001,25/11/2021,GPPP,-,-,-,-,-,-,-,-
300TR001,24/11/2021,GPPP,-,-,-,-,-,-,-,-
300TR001,23/11/2021,GPPP,-,-,,-,-,-,-,-
300TR001,22/11/2021,GPPP,-,-,-,-,-,-,-,-
300TR001,21/11/2021,GPPP,4,11148,73893,0,4,1,4,209
300TR001,20/11/2021,GPPP,-,-,-,-,-,-,-,-
300TR001,15/7/2021,GPPP,-,-,-,-,-,-,-,-
300TR001,23/11/2020,GPPP,0,3466,24343,0,3,2,2,73
300TR001,22/11/2020,GPPP,-,-,-,-,-,-,-,-
300TR001,28/11/2019,GPPP,0,3393,18743,0,1,1,1,37
300TR001,13/11/2019,GPPP,-,-,-,-,-,-,-,-
300TR001,11/12/2018,GPPP,-,-,-,-,-,-,-,-
300TR001,25/12/2017,GPPP,-,-,-,-,-,-,-,-
300TR001,15/12/2017,GPPP,-,-,-,-,-,-,-,-
300TR001,14/12/2017,GPPP,0,4280,64850,0,0,0,3,83
300TR001,14/12/2016,GPPP,14,3670,72979,0,232,0,3,155
300TR001,23/11/2015,GPPP,-,-,-,-,-,-,-,-
300TR001,29/1/2015,GPPP,-,-,-,-,-,-,-,-
300TR001,25/11/2013,GPPP,-,-,-,-,-,-,-,-
,,,,,,,,,,
300TR001A,23/12/2022,GPPP,-,-,-,-,-,-,-,-
300TR001A,22/12/2022,GPPP,1180,20121,63036,0,7,26,137,230
300TR001A,21/12/2022,GPPP,-,-,-,-,-,-,-,-
300TR001A,24/12/2021,GPPP,-,-,-,-,-,-,-,-
300TR001A,25/11/2021,GPPP,-,-,-,-,-,-,-,-
300TR001A,24/11/2021,GPPP,-,-,-,-,-,-,-,-
300TR001A,23/11/2021,GPPP,-,-,,-,-,-,-,-
300TR001A,22/11/2021,GPPP,-,-,-,-,-,-,-,-
300TR001A,21/11/2021,GPPP,2486,19701,78412,0,6,23,171,300
300TR001A,20/11/2021,GPPP,-,-,-,-,-,-,-,-
300TR001A,15/7/2021,GPPP,-,-,-,-,-,-,-,-
300TR001A,23/11/2020,GPPP,706,7411,30293,0,3,13,71,109
300TR001A,22/11/2020,GPPP,-,-,-,-,-,-,-,-
300TR001A,28/11/2019,GPPP,374,5401,22579,0,2,8,30,56
300TR001A,13/11/2019,GPPP,-,-,-,-,-,-,-,-
300TR001A,11/12/2018,GPPP,321,1943,64488,0,12,57,131,256
300TR001A,25/12/2017,GPPP,-,-,-,-,-,-,-,-
300TR001A,15/12/2017,GPPP,-,-,-,-,-,-,-,-
300TR001A,14/12/2017,GPPP,302,2655,44198,0,10,45,115,149
300TR001A,14/12/2016,GPPP,-,-,-,-,-,-,-,-
300TR001A,23/11/2015,GPPP,-,-,-,-,-,-,-,-
300TR001A,29/1/2015,GPPP,-,-,-,-,-,-,-,-
300TR001A,25/11/2013,GPPP,-,-,-,-,-,-,-,-
,,,,,,,,,,
3000TR001,23/12/2022,GPPP,-,-,-,-,-,-,-,-
3000TR001,22/12/2022,GPPP,0,26556,58931,0,7,1,3,79
3000TR001,21/12/2022,GPPP,-,-,-,-,-,-,-,-
3000TR001,24/12/2021,GPPP,-,-,-,-,-,-,-,-
3000TR001,25/11/2021,GPPP,-,-,-,-,-,-,-,-
3000TR001,24/11/2021,GPPP,-,-,-,-,-,-,-,-
3000TR001,23/11/2021,GPPP,-,-,,-,-,-,-,-
3000TR001,22/11/2021,GPPP,-,-,-,-,-,-,-,-
3000TR001,21/11/2021,GPPP,6,27995,66563,0,8,1,4,109
3000TR001,20/11/2021,GPPP,-,-,-,-,-,-,-,-
3000TR001,15/7/2021,GPPP,-,-,-,-,-,-,-,-
3000TR001,23/11/2020,GPPP,6,12360,27639,0,7,1,2,44
3000TR001,22/11/2020,GPPP,-,-,-,-,-,-,-,-
3000TR001,28/11/2019,GPPP,3,7437,19134,0,6,1,2,35
3000TR001,13/11/2019,GPPP,-,-,-,-,-,-,-,-
3000TR001,11/12/2018,GPPP,0,25233,58854,0,5,0,1,105
3000TR001,25/12/2017,GPPP,-,-,-,-,-,-,-,-
3000TR001,15/12/2017,GPPP,-,-,-,-,-,-,-,-
3000TR001,14/12/2017,GPPP,0,20473,41363,0,4,0,0,17
3000TR001,14/12/2016,GPPP,-,-,-,-,-,-,-,-
3000TR001,23/11/2015,GPPP,-,-,-,-,-,-,-,-
3000TR001,29/1/2015,GPPP,-,-,-,-,-,-,-,-
3000TR001,25/11/2013,GPPP,-,-,-,-,-,-,-,-
,,,,,,,,,,
3000TR002,23/12/2022,GPPP,-,-,-,-,-,-,-,-
3000TR002,22/12/2022,GPPP,0,28755,62753,0,19,3,3,62
3000TR002,21/12/2022,GPPP,-,-,-,-,-,-,-,-
3000TR002,24/12/2021,GPPP,-,-,-,-,-,-,-,-
3000TR002,25/11/2021,GPPP,-,-,-,-,-,-,-,-
3000TR002,24/11/2021,GPPP,-,-,-,-,-,-,-,-
3000TR002,23/11/2021,GPPP,-,-,,-,-,-,-,-
3000TR002,22/11/2021,GPPP,5,30529,66466,0,25,3,4,63
3000TR002,21/11/2021,GPPP,-,-,-,-,-,-,-,-
3000TR002,20/11/2021,GPPP,-,-,-,-,-,-,-,-
3000TR002,15/7/2021,GPPP,-,-,-,-,-,-,-,-
3000TR002,23/11/2020,GPPP,0,12587,25448,0,25,3,2,30
3000TR002,22/11/2020,GPPP,-,-,-,-,-,-,-,-
3000TR002,28/11/2019,GPPP,-,-,-,-,-,-,-,-
3000TR002,13/11/2019,GPPP,1,7856,18936,0,32,41,2,24
3000TR002,11/12/2018,GPPP,0,28315,58463,0,63,6,6,67
3000TR002,25/12/2017,GPPP,-,-,-,-,-,-,-,-
3000TR002,15/12/2017,GPPP,-,-,-,-,-,-,-,-
3000TR002,14/12/2017,GPPP,0,19965,43399,0,86,8,16,35
3000TR002,14/12/2016,GPPP,-,-,-,-,-,-,-,-
3000TR002,23/11/2015,GPPP,-,-,-,-,-,-,-,-
3000TR002,29/1/2015,GPPP,-,-,-,-,-,-,-,-
3000TR002,25/11/2013,GPPP,-,-,-,-,-,-,-,-
,,,,,,,,,,
5500TR001,23/12/2022,GPPP,21,2819,70964,-,16,485,115,478
5500TR001,22/12/2022,GPPP,-,-,-,0,-,-,-,-
5500TR001,21/12/2022,GPPP,-,-,-,-,-,-,-,-
5500TR001,24/12/2021,GPPP,-,-,-,-,-,-,-,-
5500TR001,25/11/2021,GPPP,-,-,-,-,-,-,-,-
5500TR001,24/11/2021,GPPP,-,-,-,-,-,-,-,-
5500TR001,23/11/2021,GPPP,-,-,,-,-,-,-,-
5500TR001,22/11/2021,GPPP,-,-,-,-,-,-,-,-
5500TR001,21/11/2021,GPPP,20,5908,80759,0,15,413,100,464
5500TR001,20/11/2021,GPPP,-,-,-,-,-,-,-,-
5500TR001,15/7/2021,GPPP,-,-,-,-,-,-,-,-
5500TR001,23/11/2020,GPPP,11,1708,30965,0,12,308,56,223
5500TR001,22/11/2020,GPPP,-,-,-,-,-,-,-,-
5500TR001,28/11/2019,GPPP,6,2023,23897,0,11,290,40,184
5500TR001,13/11/2019,GPPP,-,-,-,-,-,-,-,-
5500TR001,11/12/2018,GPPP,26,4555,70118,0,9,368,77,546
5500TR001,25/12/2017,GPPP,-,-,-,-,-,-,-,-
5500TR001,15/12/2017,GPPP,-,-,-,-,-,-,-,-
5500TR001,14/12/2017,GPPP,40,3199,46172,0,8,329,67,425
5500TR001,14/12/2016,GPPP,-,-,-,-,-,-,-,-
5500TR001,23/11/2015,GPPP,-,-,-,-,-,-,-,-
5500TR001,29/1/2015,GPPP,-,-,-,-,-,-,-,-
5500TR001,25/11/2013,GPPP,-,-,-,-,-,-,-,-
,,,,,,,,,,
5550TR001,23/12/2022,GPPP,-,-,-,-,-,-,-,-
5550TR001,22/12/2022,GPPP,-,13086,60317,0,15,1,10,897
5550TR001,21/12/2022,GPPP,-,-,-,-,-,-,-,-
5550TR001,24/12/2021,GPPP,-,-,-,-,-,-,-,-
5550TR001,25/11/2021,GPPP,-,-,-,-,-,-,-,-
5550TR001,24/11/2021,GPPP,3,-,-,-,-,-,-,-
5550TR001,23/11/2021,GPPP,-,-,,-,-,-,-,-
5550TR001,22/11/2021,GPPP,-,-,-,-,-,-,-,-
5550TR001,21/11/2021,GPPP,0,10859,56541,0,12,1,12,806
5550TR001,20/11/2021,GPPP,-,-,-,-,-,-,-,-
5550TR001,15/7/2021,GPPP,4,-,-,-,-,-,-,-
5550TR001,23/11/2020,GPPP,-,6623,25752,0,48,1,5,291
5550TR001,22/11/2020,GPPP,0,-,-,-,-,-,-,-
5550TR001,28/11/2019,GPPP,-,6130,20294,0,27,6,3,180
5550TR001,13/11/2019,GPPP,-,-,-,-,-,-,-,-
5550TR001,11/12/2018,GPPP,0,12613,53215,0,0,0,7,696
5550TR001,25/12/2017,GPPP,-,-,-,-,-,-,-,-
5550TR001,15/12/2017,GPPP,-,-,-,-,-,-,-,-
5550TR001,14/12/2017,GPPP,-,12746,4899,0,4,0,0,490
5550TR001,14/12/2016,GPPP,-,-,-,-,-,-,-,-
5550TR001,23/11/2015,GPPP,,-,-,-,-,-,-,-
5550TR001,29/1/2015,GPPP,,-,-,-,-,-,-,-
5550TR001,25/11/2013,GPPP,,-,-,-,-,-,-,-
,,,,,,,,,,
5550TR002,23/12/2022,GPPP,-,-,-,-,-,-,-,-
5550TR002,22/12/2022,GPPP,20,17266,81391,0,86,9,35,299
5550TR002,21/12/2022,GPPP,-,-,-,-,-,-,-,-
5550TR002,24/12/2021,GPPP,-,-,-,-,-,-,-,-
5550TR002,25/11/2021,GPPP,-,-,-,-,-,-,-,-
5550TR002,24/11/2021,GPPP,-,-,-,-,-,-,-,-
5550TR002,23/11/2021,GPPP,-,-,,-,-,-,-,-
5550TR002,22/11/2021,GPPP,-,-,-,-,-,-,-,-
5550TR002,21/11/2021,GPPP,28,30961,70784,0,50,6,13,41
5550TR002,20/11/2021,GPPP,-,-,-,-,-,-,-,-
5550TR002,15/7/2021,GPPP,-,-,-,-,-,-,-,-
5550TR002,23/11/2020,GPPP,3,8812,27187,0,52,6,16,65
5550TR002,22/11/2020,GPPP,-,-,-,-,-,-,-,-
5550TR002,28/11/2019,GPPP,3,6265,19955,0,46,6,13,34
5550TR002,13/11/2019,GPPP,-,-,-,-,-,-,-,-
5550TR002,11/12/2018,GPPP,24,19843,59597,0,421,47,218,356
5550TR002,25/12/2017,GPPP,-,-,-,-,-,-,-,-
5550TR002,15/12/2017,GPPP,-,-,-,-,-,-,-,-
5550TR002,14/12/2017,GPPP,44,5989,64412,0,486,53,254,370
5550TR002,14/12/2016,GPPP,-,-,-,-,-,-,-,-
5550TR002,23/11/2015,GPPP,-,-,-,-,-,-,-,-
5550TR002,29/1/2015,GPPP,-,-,-,-,-,-,-,-
5550TR002,25/11/2013,GPPP,-,-,-,-,-,-,-,-
,,,,,,,,,,
5550LBTR001,23/12/2022,GPPP,51,24712,70949,0,28,2,4,439
5550LBTR001,22/12/2022,GPPP,-,-,-,-,-,-,-,-
5550LBTR001,21/12/2022,GPPP,-,-,-,-,-,-,-,-
5550LBTR001,24/12/2021,GPPP,-,-,-,-,-,-,-,-
5550LBTR001,25/11/2021,GPPP,-,-,-,-,-,-,-,-
5550LBTR001,24/11/2021,GPPP,-,-,-,-,-,-,-,-
5550LBTR001,23/11/2021,GPPP,-,-,,-,-,-,-,-
5550LBTR001,22/11/2021,GPPP,-,-,-,-,-,-,-,-
5550LBTR001,21/11/2021,GPPP,51,18790,57304,0,28,2,4,425
5550LBTR001,20/11/2021,GPPP,-,-,-,-,-,-,-,-
5550LBTR001,15/7/2021,GPPP,-,-,-,-,-,-,-,-
5550LBTR001,23/11/2020,GPPP,6,9099,27023,0,26,3,3,220
5550LBTR001,22/11/2020,GPPP,-,-,-,-,-,-,-,-
5550LBTR001,28/11/2019,GPPP,0,4683,19995,0,8,1,4,237
5550LBTR001,13/11/2019,GPPP,-,-,-,-,-,-,-,-
5550LBTR001,11/12/2018,GPPP,37,21331,62538,1,44,5,0,535
5550LBTR001,25/12/2017,GPPP,-,-,-,-,-,-,-,-
5550LBTR001,15/12/2017,GPPP,-,-,-,-,-,-,-,-
5550LBTR001,14/12/2017,GPPP,0,14559,40063,0,46,4,4,448
5550LBTR001,14/12/2016,GPPP,-,-,-,-,-,-,-,-
5550LBTR001,23/11/2015,GPPP,-,-,-,-,-,-,-,-
5550LBTR001,29/1/2015,GPPP,-,-,-,-,-,-,-,-
5550LBTR001,25/11/2013,GPPP,-,-,-,-,-,-,-,-
,,,,,,,,,,
5560TR001,23/12/2022,GPPP,-,-,-,-,-,-,-,-
5560TR001,22/12/2022,GPPP,0,11563,47673,0,72,6,33,751
5560TR001,21/12/2022,GPPP,-,-,-,-,-,-,-,-
5560TR001,24/12/2021,GPPP,-,-,-,-,-,-,-,-
5560TR001,25/11/2021,GPPP,-,-,-,-,-,-,-,-
5560TR001,24/11/2021,GPPP,-,-,-,-,-,-,-,-
5560TR001,23/11/2021,GPPP,-,-,,-,-,-,-,-
5560TR001,22/11/2021,GPPP,-,-,-,-,-,-,-,-
5560TR001,21/11/2021,GPPP,4,14462,52828,0,66,6,31,596
5560TR001,20/11/2021,GPPP,-,-,-,-,-,-,-,-
5560TR001,15/7/2021,GPPP,-,-,-,-,-,-,-,-
5560TR001,23/11/2020,GPPP,2,7003,22818,0,49,4,19,251
5560TR001,22/11/2020,GPPP,-,-,-,-,-,-,-,-
5560TR001,28/11/2019,GPPP,0,6481,21980,0,46,5,15,156
5560TR001,13/11/2019,GPPP,-,-,-,-,-,-,-,-
5560TR001,11/12/2018,GPPP,0,15734,46252,0,62,3,35,337
5560TR001,25/12/2017,GPPP,-,-,-,-,-,-,-,-
5560TR001,15/12/2017,GPPP,-,-,-,-,-,-,-,-
5560TR001,14/12/2017,GPPP,0,8702,48328,0,639,70,389,1079
5560TR001,14/12/2016,GPPP,-,-,-,-,-,-,-,-
5560TR001,23/11/2015,GPPP,-,-,-,-,-,-,-,-
5560TR001,29/1/2015,GPPP,-,-,-,-,-,-,-,-
5560TR001,25/11/2013,GPPP,-,-,-,-,-,-,-,-
,,,,,,,,,,
5560TR002,23/12/2022,GPPP,-,-,-,-,-,-,-,-
5560TR002,22/12/2022,GPPP,0,13094,42321,0,5,1,8,607
5560TR002,21/12/2022,GPPP,-,-,-,-,-,-,-,-
5560TR002,24/12/2021,GPPP,-,-,-,-,-,-,-,-
5560TR002,25/11/2021,GPPP,-,-,-,-,-,-,-,-
5560TR002,24/11/2021,GPPP,-,-,-,-,-,-,-,-
5560TR002,23/11/2021,GPPP,-,-,,-,-,-,-,-
5560TR002,22/11/2021,GPPP,-,-,-,-,-,-,-,-
5560TR002,21/11/2021,GPPP,4,18020,47241,0,3,0,7,390
5560TR002,20/11/2021,GPPP,-,-,-,-,-,-,-,-
5560TR002,15/7/2021,GPPP,-,-,-,-,-,-,-,-
5560TR002,23/11/2020,GPPP,4,8788,22599,0,2,0,4,159
5560TR002,22/11/2020,GPPP,-,-,-,-,-,-,-,-
5560TR002,28/11/2019,GPPP,4,5292,14916,0,1,1,2,104
5560TR002,13/11/2019,GPPP,-,-,-,-,-,-,-,-
5560TR002,11/12/2018,GPPP,0,14589,37363,0,0,0,0,201
5560TR002,25/12/2017,GPPP,-,-,-,-,-,-,-,-
5560TR002,15/12/2017,GPPP,-,-,-,-,-,-,-,-
5560TR002,14/12/2017,GPPP,0,3234,13639,0,0,0,3,557
5560TR002,14/12/2016,GPPP,-,-,-,-,-,-,-,-
5560TR002,23/11/2015,GPPP,-,-,-,-,-,-,-,-
5560TR002,29/1/2015,GPPP,-,-,-,-,-,-,-,-
5560TR002,25/11/2013,GPPP,-,-,-,-,-,-,-,-
,,,,,,,,,,
310TR01A,23/12/2022,GPPP,-,-,-,-,-,-,-,-
310TR01A,22/12/2022,GPPP,0,8148,32734,0,1,0,7,627
310TR01A,21/12/2022,GPPP,-,-,-,-,-,-,-,-
310TR01A,24/12/2021,GPPP,-,-,-,-,-,-,-,-
310TR01A,25/11/2021,GPPP,-,-,-,-,-,-,-,-
310TR01A,24/11/2021,GPPP,-,-,-,-,-,-,-,-
310TR01A,23/11/2021,GPPP,-,-,,-,-,-,-,-
310TR01A,22/11/2021,GPPP,-,-,-,-,-,-,-,-
310TR01A,21/11/2021,GPPP,0,7676,35370,0,1,1,7,572
310TR01A,20/11/2021,GPPP,-,-,-,-,-,-,-,-
310TR01A,15/7/2021,GPPP,-,-,-,-,-,-,-,-
310TR01A,23/11/2020,GPPP,0,4861,16806,0,1,1,4,241
310TR01A,22/11/2020,GPPP,-,-,-,-,-,-,-,-
310TR01A,28/11/2019,GPPP,0,5016,20764,0,1,1,3,203
310TR01A,13/11/2019,GPPP,-,-,-,-,-,-,-,-
310TR01A,11/12/2018,GPPP,0,10172,38107,0,0,0,0,528
310TR01A,25/12/2017,GPPP,-,-,-,-,-,-,-,-
310TR01A,15/12/2017,GPPP,-,-,-,-,-,-,-,-
310TR01A,14/12/2017,GPPP,0,7362,26898,0,0,0,3,479
310TR01A,14/12/2016,GPPP,-,-,-,-,-,-,-,-
310TR01A,23/11/2015,GPPP,-,-,-,-,-,-,-,-
310TR01A,29/1/2015,GPPP,-,-,-,-,-,-,-,-
310TR01A,25/11/2013,GPPP,-,-,-,-,-,-,-,-
,,,,,,,,,,
310TR01B,23/12/2022,GPPP,-,-,-,-,-,-,-,-
310TR01B,22/12/2022,GPPP,0,12559,40140,0,2,6,6,635
310TR01B,21/12/2022,GPPP,-,-,-,-,-,-,-,-
310TR01B,24/12/2021,GPPP,-,-,-,-,-,-,-,-
310TR01B,25/11/2021,GPPP,-,-,-,-,-,-,-,-
310TR01B,24/11/2021,GPPP,-,-,-,-,-,-,-,-
310TR01B,23/11/2021,GPPP,-,-,,-,-,-,-,-
310TR01B,22/11/2021,GPPP,-,-,-,-,-,-,-,-
310TR01B,21/11/2021,GPPP,0,8724,32584,0,1,6,6,650
310TR01B,20/11/2021,GPPP,-,-,-,-,-,-,-,-
310TR01B,15/7/2021,GPPP,-,-,-,-,-,-,-,-
310TR01B,23/11/2020,GPPP,0,4600,13028,0,1,3,3,251
310TR01B,22/11/2020,GPPP,-,-,-,-,-,-,-,-
310TR01B,28/11/2019,GPPP,2,4282,14236,0,0,2,2,210
310TR01B,13/11/2019,GPPP,-,-,-,-,-,-,-,-
310TR01B,11/12/2018,GPPP,0,12607,38756,0,0,0,0,485
310TR01B,25/12/2017,GPPP,-,-,-,-,-,-,-,-
310TR01B,15/12/2017,GPPP,-,-,-,-,-,-,-,-
310TR01B,14/12/2017,GPPP,0,7838,21961,0,0,0,0,267
310TR01B,14/12/2016,GPPP,-,-,-,-,-,-,-,-
310TR01B,23/11/2015,GPPP,-,-,-,-,-,-,-,-
310TR01B,29/1/2015,GPPP,-,-,-,-,-,-,-,-
310TR01B,25/11/2013,GPPP,-,-,-,-,-,-,-,-
,,,,,,,,,,
310TR02A,23/12/2022,GPPP,-,-,-,-,-,-,-,-
310TR02A,22/12/2022,GPPP,9,28896,68161,0,47,8,15,176
310TR02A,21/12/2022,GPPP,-,-,-,-,-,-,-,-
310TR02A,24/12/2021,GPPP,-,-,-,-,-,-,-,-
310TR02A,25/11/2021,GPPP,-,-,-,-,-,-,-,-
310TR02A,24/11/2021,GPPP,-,-,-,-,-,-,-,-
310TR02A,23/11/2021,GPPP,-,-,,-,-,-,-,-
310TR02A,22/11/2021,GPPP,-,-,-,-,-,-,-,-
310TR02A,21/11/2021,GPPP,7,26661,61821,1,75,12,44,58
310TR02A,20/11/2021,GPPP,-,-,-,-,-,-,-,-
310TR02A,15/7/2021,GPPP,17,28275,68452,1,100,16,66,122
310TR02A,23/11/2020,GPPP,0,14392,36493,0,14,1,3,148
310TR02A,22/11/2020,GPPP,-,-,-,-,-,-,-,-
310TR02A,28/11/2019,GPPP,3,8021,22778,0,12,1,2,133
310TR02A,13/11/2019,GPPP,-,-,-,-,-,-,-,-
310TR02A,11/12/2018,GPPP,0,23830,57014,0,11,0,0,311
310TR02A,25/12/2017,GPPP,-,-,-,-,-,-,-,-
310TR02A,15/12/2017,GPPP,-,-,-,-,-,-,-,-
310TR02A,14/12/2017,GPPP,-,-,-,-,-,-,-,-
310TR02A,14/12/2016,GPPP,-,-,-,-,-,-,-,-
310TR02A,23/11/2015,GPPP,-,-,-,-,-,-,-,-
310TR02A,29/1/2015,GPPP,-,-,-,-,-,-,-,-
310TR02A,25/11/2013,GPPP,-,-,-,-,-,-,-,-
,,,,,,,,,,
310TR02B,23/12/2022,GPPP,-,-,-,-,-,-,-,-
310TR02B,22/12/2022,GPPP,0,28074,63755,0,10,2,7,152
310TR02B,21/12/2022,GPPP,-,-,-,-,-,-,-,-
310TR02B,24/12/2021,GPPP,-,-,-,-,-,-,-,-
310TR02B,25/11/2021,GPPP,-,-,-,-,-,-,-,-
310TR02B,24/11/2021,GPPP,-,-,-,-,-,-,-,-
310TR02B,23/11/2021,GPPP,-,-,,-,-,-,-,-
310TR02B,22/11/2021,GPPP,-,-,-,-,-,-,-,-
310TR02B,21/11/2021,GPPP,-,-,-,-,-,-,-,-
310TR02B,20/11/2021,GPPP,-,-,-,-,-,-,-,-
310TR02B,15/7/2021,GPPP,72,28085,69368,6,535,167,532,243
310TR02B,23/11/2020,GPPP,3,12066,27270,0,14,1,2,134
310TR02B,22/11/2020,GPPP,-,-,-,-,-,-,-,-
310TR02B,28/11/2019,GPPP,3,8818,25260,0,11,1,2,114
310TR02B,13/11/2019,GPPP,-,-,-,-,-,-,-,-
310TR02B,11/12/2018,GPPP,0,25228,61033,0,11,2,0,288
310TR02B,25/12/2017,GPPP,-,-,-,-,-,-,-,-
310TR02B,15/12/2017,GPPP,-,-,-,-,-,-,-,-
310TR02B,14/12/2017,GPPP,0,18173,43633,0,8,0,0,283
310TR02B,14/12/2016,GPPP,-,-,-,-,-,-,-,-
310TR02B,23/11/2015,GPPP,-,-,-,-,-,-,-,-
310TR02B,29/1/2015,GPPP,-,-,-,-,-,-,-,-
310TR02B,25/11/2013,GPPP,-,-,-,-,-,-,-,-
,,,,,,,,,,
5560TR003,23/12/2022,GPPP,0,29521,68148,0,8,1,4,141
5560TR003,22/12/2022,GPPP,-,-,-,-,-,-,-,-
5560TR003,21/12/2022,GPPP,-,-,-,-,-,-,-,-
5560TR003,24/12/2021,GPPP,-,-,-,-,-,-,-,-
5560TR003,25/11/2021,GPPP,-,-,-,-,-,-,-,-
5560TR003,24/11/2021,GPPP,-,-,-,-,-,-,-,-
5560TR003,23/11/2021,GPPP,-,-,,-,-,-,-,-
5560TR003,22/11/2021,GPPP,-,-,-,-,-,-,-,-
5560TR003,21/11/2021,GPPP,0,32225,74753,0,5,1,5,159
5560TR003,20/11/2021,GPPP,-,-,-,-,-,-,-,-
5560TR003,15/7/2021,GPPP,-,,,,-,-,-,-
5560TR003,23/11/2020,GPPP,0,15023,33652,0,3,1,2,71
5560TR003,22/11/2020,GPPP,-,-,-,-,-,-,-,-
5560TR003,28/11/2019,GPPP,1,9815,26371,0,2,1,3,59
5560TR003,13/11/2019,GPPP,-,-,-,-,-,-,-,-
5560TR003,11/12/2018,GPPP,-,-,-,-,-,-,-,-
5560TR003,25/12/2017,GPPP,-,-,-,-,-,-,-,-
5560TR003,15/12/2017,GPPP,-,-,-,-,-,-,-,-
5560TR003,14/12/2017,GPPP,-,-,-,-,-,-,-,-
5560TR003,14/12/2016,GPPP,-,-,-,,-,-,-,-
5560TR003,23/11/2015,GPPP,-,-,-,-,-,-,-,-
5560TR003,29/1/2015,GPPP,-,-,-,-,-,-,-,-
5560TR003,25/11/2013,GPPP,-,-,-,-,-,-,-,-
,,,,,,,,,,
3290TR001,23/12/2022,CWWTP,-,-,-,-,-,,-,-
3290TR001,22/12/2022,CWWTP,0,24908,63978,0,29,0,4,320
3290TR001,21/12/2022,CWWTP,-,-,-,-,-,-,,-
3290TR001,24/12/2021,CWWTP,5,27094,67779,0,17,1,4,227
3290TR001,25/11/2021,CWWTP,-,-,-,-,-,-,-,-
3290TR001,24/11/2021,CWWTP,-,-,-,-,-,-,-,-
3290TR001,23/11/2021,CWWTP,-,-,,-,-,-,-,-
3290TR001,22/11/2021,CWWTP,-,-,-,-,-,-,-,-
3290TR001,21/11/2021,CWWTP,-,-,-,-,-,-,-,-
3290TR001,20/11/2021,CWWTP,-,-,-,-,-,-,-,-
3290TR001,15/7/2021,CWWTP,-,,,,-,-,-,-
3290TR001,23/11/2020,CWWTP,0,14469,33305,0,11,1,3,113
3290TR001,22/11/2020,CWWTP,-,-,-,-,-,-,-,-
3290TR001,28/11/2019,CWWTP,2,7973,23356,0,19,2,3,141
3290TR001,13/11/2019,CWWTP,-,-,-,-,-,-,-,-
3290TR001,11/12/2018,CWWTP,0,25669,61502,0,17,0,0,269
3290TR001,25/12/2017,CWWTP,-,-,-,-,-,-,-,-
3290TR001,15/12/2017,CWWTP,-,-,-,-,-,-,-,-
3290TR001,14/12/2017,CWWTP,0,18259,43413,0,16,0,0,293
3290TR001,14/12/2016,CWWTP,-,-,-,,-,-,,-
3290TR001,23/11/2015,CWWTP,-,-,-,-,-,-,-,-
3290TR001,29/1/2015,CWWTP,-,-,-,-,-,-,-,-
3290TR001,25/11/2013,CWWTP,-,-,-,-,-,-,-,-
,,,,,,,,,,
3290TR002,23/12/2022,CWWTP,-,-,-,-,-,,-,-
3290TR002,22/12/2022,CWWTP,0,24634,62007,0,11,0,3,257
3290TR002,21/12/2022,CWWTP,-,-,-,-,-,-,,-
3290TR002,24/12/2021,CWWTP,0,28519,68447,0,8,0,3,170
3290TR002,25/11/2021,CWWTP,-,-,-,-,-,-,-,-
3290TR002,24/11/2021,CWWTP,-,-,-,-,-,-,-,-
3290TR002,23/11/2021,CWWTP,-,-,,-,-,-,-,-
3290TR002,22/11/2021,CWWTP,-,-,-,-,-,-,-,-
3290TR002,21/11/2021,CWWTP,-,-,-,-,-,-,-,-
3290TR002,20/11/2021,CWWTP,-,-,-,-,-,-,-,-
3290TR002,15/7/2021,CWWTP,-,,,,-,-,-,-
3290TR002,23/11/2020,CWWTP,0,12874,29304,0,11,1,2,106
3290TR002,22/11/2020,CWWTP,-,-,-,-,-,-,-,-
3290TR002,28/11/2019,CWWTP,2,8416,25050,0,11,2,2,146
3290TR002,13/11/2019,CWWTP,-,-,-,-,-,-,-,-
3290TR002,11/12/2018,CWWTP,0,24063,54513,0,16,0,0,281
3290TR002,25/12/2017,CWWTP,-,-,-,-,-,-,-,-
3290TR002,15/12/2017,CWWTP,-,-,-,-,-,-,-,-
3290TR002,14/12/2017,CWWTP,11,20705,50028,0,9,0,0,282
3290TR002,14/12/2016,CWWTP,-,-,-,,-,-,,-
3290TR002,23/11/2015,CWWTP,-,-,-,-,-,-,-,-
3290TR002,29/1/2015,CWWTP,-,-,-,-,-,-,-,-
3290TR002,25/11/2013,CWWTP,-,-,-,-,-,-,-,-
